tp_a	tp_f	M	f_A	f_F	input_len	batch_size	iter_lat_us	DA_energy_mj	DF_energy_mj
1	1	1	210	210	128	1	156989.73	12447.95	18706.78
1	1	1	210	450	128	1	110358.4	9181.67	14667.95
1	1	1	210	690	128	1	96874.35	8329.73	13727.57
1	1	1	210	930	128	1	83287.51	7421.99	12593.11
1	1	1	210	1170	128	1	77630.6	7025.35	12593.42
1	1	1	210	1410	128	1	76736.09	6962.21	15757.64
1	1	1	450	210	128	1	138652.46	11224.6	17390.27
1	1	1	450	450	128	1	92281.9	8022.6	13341.32
1	1	1	450	690	128	1	78794.05	6987.93	12210.37
1	1	1	450	930	128	1	65352.13	6096.66	11093.7
1	1	1	450	1170	128	1	59617.59	5732.45	11085.53
1	1	1	450	1410	128	1	58720.78	5648.86	13928.45
1	1	1	690	210	128	1	133030.56	10728.41	16748.09
1	1	1	690	450	128	1	86602.39	7662.21	12899.27
1	1	1	690	690	128	1	73167.07	6690.7	11750.95
1	1	1	690	930	128	1	59652.68	5744.45	10643.73
1	1	1	690	1170	128	1	53899.37	5345.31	10548.76
1	1	1	690	1410	128	1	53092.06	5302.75	13380.34
1	1	1	930	210	128	1	128612.11	10434.09	16342.55
1	1	1	930	450	128	1	81095.12	7306.8	12537.41
1	1	1	930	690	128	1	68135.53	6365.33	11291.7
1	1	1	930	930	128	1	54669.53	5422.96	10236.17
1	1	1	930	1170	128	1	48973.47	5001.6	10186.45
1	1	1	930	1410	128	1	48453.14	4976.16	12833.84
1	1	1	1170	210	128	1	127005.52	10687.61	16250.2
1	1	1	1170	450	128	1	79533.65	7497.7	12444.48
1	1	1	1170	690	128	1	66002.86	6471.49	11129.16
1	1	1	1170	930	128	1	53080.66	5568.19	10147.27
1	1	1	1170	1170	128	1	47378.29	5192.6	9986.27
1	1	1	1170	1410	128	1	47033.11	5130.09	12800.95
1	1	1	1410	210	128	1	126272.79	12724.68	16200.61
1	1	1	1410	450	128	1	78814.43	8950.36	12329.16
1	1	1	1410	690	128	1	65297.99	7728.81	11094.63
1	1	1	1410	930	128	1	52334.87	6671.6	10116.26
1	1	1	1410	1170	128	1	46573.68	6135.83	9926.41
1	1	1	1410	1410	128	1	46390.76	6231.23	12803.71
1	1	1	210	210	128	2	149633.72	12061.77	18323.85
1	1	1	210	450	128	2	108840.02	9227.31	14750.45
1	1	1	210	690	128	2	99033.14	8580.88	14001.26
1	1	1	210	930	128	2	86606.55	7677.72	13031.98
1	1	1	210	1170	128	2	81127.42	7400.48	13112.01
1	1	1	210	1410	128	2	80073.11	7253.48	16356.23
1	1	1	450	210	128	2	132495.41	10759.9	16645.23
1	1	1	450	450	128	2	92288.02	8054.54	13365.12
1	1	1	450	690	128	2	82158.72	7318.83	12541.76
1	1	1	450	930	128	2	69711.12	6495.99	11590.25
1	1	1	450	1170	128	2	64176.86	6104.96	11623.12
1	1	1	450	1410	128	2	63098.85	6068.52	14412.32
1	1	1	690	210	128	2	126573.32	10269.22	16301.36
1	1	1	690	450	128	2	85879.73	7646.99	12805.49
1	1	1	690	690	128	2	76048.55	6937.24	12068.23
1	1	1	690	930	128	2	63621.75	6095.1	11023.33
1	1	1	690	1170	128	2	58129.76	5677.23	11250.56
1	1	1	690	1410	128	2	57443.03	5642.41	13987.02
1	1	1	930	210	128	2	121401.24	10098.05	16006.09
1	1	1	930	450	128	2	79749.44	7314.88	12428.78
1	1	1	930	690	128	2	70443.41	6666.72	11659.39
1	1	1	930	930	128	2	58068.42	5723.28	10589.22
1	1	1	930	1170	128	2	52955.95	5341.8	10599.2
1	1	1	930	1410	128	2	51918.65	5314.51	13402.53
1	1	1	1170	210	128	2	119490.06	10567.98	15799.86
1	1	1	1170	450	128	2	77610.6	7470.54	12227.7
1	1	1	1170	690	128	2	67729.32	6772.01	11388.73
1	1	1	1170	930	128	2	56325.3	5957.58	10569.41
1	1	1	1170	1170	128	2	50851.85	5575.6	10519.29
1	1	1	1170	1410	128	2	49774.65	5482.8	13283.64
1	1	1	1410	210	128	2	118447.87	12518.01	15691.66
1	1	1	1410	450	128	2	76827.75	9001.32	12079.12
1	1	1	1410	690	128	2	66874.12	8060.57	11431.62
1	1	1	1410	930	128	2	55316.48	7151.39	10431.37
1	1	1	1410	1170	128	2	49821.43	6654.4	10489.6
1	1	1	1410	1410	128	2	48788.29	6497.41	13072.63
1	1	1	210	210	128	4	153222.19	12135.86	18597.59
1	1	1	210	450	128	4	112652.7	9451.75	14978.81
1	1	1	210	690	128	4	102583.3	8866.7	14196.94
1	1	1	210	930	128	4	90762.53	8056.63	13405.3
1	1	1	210	1170	128	4	85631.06	7664.08	13580.66
1	1	1	210	1410	128	4	84453.17	7559.02	16769.25
1	1	1	450	210	128	4	133838.61	10891.64	16952.27
1	1	1	450	450	128	4	93686.6	8153.56	13543.48
1	1	1	450	690	128	4	84280.03	7544.9	12800.04
1	1	1	450	930	128	4	71890.69	6652.45	11776.84
1	1	1	450	1170	128	4	66955.69	6332.43	12049.2
1	1	1	450	1410	128	4	65441.7	6202.97	14796.5
1	1	1	690	210	128	4	127080.63	10437.59	16503.81
1	1	1	690	450	128	4	87423.26	7823.57	13141.4
1	1	1	690	690	128	4	77289.48	7038.34	12228.98
1	1	1	690	930	128	4	64736.81	6171.59	11259.67
1	1	1	690	1170	128	4	59467.93	5828.33	11307.73
1	1	1	690	1410	128	4	58575.36	5793.48	14158.61
1	1	1	930	210	128	4	121735.95	10317.82	16182.67
1	1	1	930	450	128	4	80885.83	7414.03	12576.09
1	1	1	930	690	128	4	71500.12	6769.8	11817.34
1	1	1	930	930	128	4	58928.01	5835.96	10802.27
1	1	1	930	1170	128	4	53704.79	5441.2	10864.27
1	1	1	930	1410	128	4	52616.51	5400.5	13489.36
1	1	1	1170	210	128	4	120111.86	10721.2	16022.69
1	1	1	1170	450	128	4	79211.07	7719.94	12488.85
1	1	1	1170	690	128	4	68894.89	6934.94	11668.18
1	1	1	1170	930	128	4	57127.52	6051.64	10550.17
1	1	1	1170	1170	128	4	51852.05	5619.18	10663.23
1	1	1	1170	1410	128	4	50803.09	5494.44	13384.94
1	1	1	1410	210	128	4	118997.14	12725.34	15955.88
1	1	1	1410	450	128	4	78011.42	9227.43	12352.1
1	1	1	1410	690	128	4	67770.78	8195.02	11486.93
1	1	1	1410	930	128	4	55996.08	7259.03	10638.42
1	1	1	1410	1170	128	4	50748.37	6749.16	10635.21
1	1	1	1410	1410	128	4	49686.44	6604.76	13249.16
1	1	1	210	210	128	8	156904.48	12549.21	18930.44
1	1	1	210	450	128	8	116118.96	9871.12	15443.09
1	1	1	210	690	128	8	105574.91	9147.3	14589.17
1	1	1	210	930	128	8	93661.13	8291.31	13744.79
1	1	1	210	1170	128	8	88562.13	7989.68	13985.54
1	1	1	210	1410	128	8	87451.54	7898.85	17359.41
1	1	1	450	210	128	8	136441.17	11182.41	17316.45
1	1	1	450	450	128	8	96576.63	8433.91	13897.45
1	1	1	450	690	128	8	86617.96	7728.25	13111.94
1	1	1	450	930	128	8	73872.95	6867.54	12129.81
1	1	1	450	1170	128	8	68830.8	6538.2	12251.72
1	1	1	450	1410	128	8	67713.65	6486.38	15382.02
1	1	1	690	210	128	8	129376.26	10727.41	16762.24
1	1	1	690	450	128	8	89193.57	7991.31	13249.95
1	1	1	690	690	128	8	79312.62	7276.7	12581.92
1	1	1	690	930	128	8	66603.32	6389.87	11425.07
1	1	1	690	1170	128	8	61921.25	6081.02	11746.2
1	1	1	690	1410	128	8	60822.74	5994.52	14587.62
1	1	1	930	210	128	8	123730.09	10624.84	16361.41
1	1	1	930	450	128	8	82905.61	7652.07	12884.44
1	1	1	930	690	128	8	73273.73	6981.23	12041.55
1	1	1	930	930	128	8	61026.12	6117.07	11202.59
1	1	1	930	1170	128	8	55919.4	5662.05	11163.58
1	1	1	930	1410	128	8	54836.68	5636.02	14092.52
1	1	1	1170	210	128	8	121951.65	11044.34	16208.98
1	1	1	1170	450	128	8	80733.77	7841.12	12700.72
1	1	1	1170	690	128	8	70136.51	7073.41	11763.78
1	1	1	1170	930	128	8	59064.26	6237.07	10985.62
1	1	1	1170	1170	128	8	53942.45	5909.64	11039.42
1	1	1	1170	1410	128	8	52899.36	5771.54	13924.31
1	1	1	1410	210	128	8	120914.76	13146.93	16096.15
1	1	1	1410	450	128	8	79762.88	9373.08	12710.09
1	1	1	1410	690	128	8	69026.92	8433.66	11801.23
1	1	1	1410	930	128	8	57942.62	7419.0	10753.91
1	1	1	1410	1170	128	8	52868.1	7001.66	10908.03
1	1	1	1410	1410	128	8	51814.76	6883.27	13728.8
1	1	1	210	210	128	16	159189.7	12788.2	19325.74
1	1	1	210	450	128	16	118214.02	10068.77	15856.51
1	1	1	210	690	128	16	108260.18	9459.12	15112.26
1	1	1	210	930	128	16	94951.3	8511.77	14070.22
1	1	1	210	1170	128	16	90736.87	8221.94	14360.09
1	1	1	210	1410	128	16	89821.34	8129.6	17927.45
1	1	1	450	210	128	16	137628.87	11406.0	17759.95
1	1	1	450	450	128	16	98857.52	8681.92	14368.4
1	1	1	450	690	128	16	87426.97	7865.34	13390.23
1	1	1	450	930	128	16	75238.22	7071.27	12575.76
1	1	1	450	1170	128	16	71159.62	6809.73	12816.04
1	1	1	450	1410	128	16	70130.46	6718.88	16022.19
1	1	1	690	210	128	16	131303.58	10918.62	17106.36
1	1	1	690	450	128	16	92177.79	8247.46	13789.25
1	1	1	690	690	128	16	81302.39	7546.66	12932.53
1	1	1	690	930	128	16	68733.86	6690.9	12003.93
1	1	1	690	1170	128	16	63908.39	6262.18	12198.22
1	1	1	690	1410	128	16	63204.42	6279.43	15397.84
1	1	1	930	210	128	16	125570.35	10739.56	16740.77
1	1	1	930	450	128	16	84164.87	7772.06	13158.52
1	1	1	930	690	128	16	75297.14	7205.88	12549.37
1	1	1	930	930	128	16	62613.79	6318.17	11640.4
1	1	1	930	1170	128	16	58307.11	6019.55	11745.9
1	1	1	930	1410	128	16	57243.0	5891.55	14857.14
1	1	1	1170	210	128	16	123897.67	11263.23	16603.99
1	1	1	1170	450	128	16	82580.98	8117.49	13047.3
1	1	1	1170	690	128	16	72361.34	7339.55	12237.0
1	1	1	1170	930	128	16	60962.05	6555.62	11390.48
1	1	1	1170	1170	128	16	56664.19	6180.98	11582.93
1	1	1	1170	1410	128	16	55604.5	6057.73	14726.38
1	1	1	1410	210	128	16	123103.64	13361.26	16538.27
1	1	1	1410	450	128	16	81564.47	9716.99	12919.7
1	1	1	1410	690	128	16	71028.27	8714.45	12221.52
1	1	1	1410	930	128	16	59916.01	7862.77	11264.73
1	1	1	1410	1170	128	16	55581.54	7465.23	11470.32
1	1	1	1410	1410	128	16	54516.7	7401.25	14531.59
1	1	1	210	210	128	32	158500.87	13004.91	19112.73
1	1	1	210	450	128	32	124509.66	10760.53	16290.58
1	1	1	210	690	128	32	116186.84	10117.45	15634.84
1	1	1	210	930	128	32	105857.46	9408.05	15002.23
1	1	1	210	1170	128	32	99830.03	8988.45	15203.46
1	1	1	210	1410	128	32	98893.31	8949.29	18757.15
1	1	1	450	210	128	32	134665.05	11224.59	17182.48
1	1	1	450	450	128	32	102925.0	9126.78	14532.93
1	1	1	450	690	128	32	94331.76	8591.1	13937.07
1	1	1	450	930	128	32	83727.51	7801.98	13302.66
1	1	1	450	1170	128	32	77763.53	7409.86	13372.83
1	1	1	450	1410	128	32	77315.5	7446.93	16913.11
1	1	1	690	210	128	32	127166.8	10887.12	16669.06
1	1	1	690	450	128	32	95889.6	8773.75	14054.24
1	1	1	690	690	128	32	87145.71	8131.77	13470.31
1	1	1	690	930	128	32	76344.36	7357.91	12683.02
1	1	1	690	1170	128	32	70777.09	7060.84	12958.73
1	1	1	690	1410	128	32	69873.33	6958.41	16136.55
1	1	1	930	210	128	32	121285.11	10726.76	16302.45
1	1	1	930	450	128	32	86115.53	8156.05	13355.52
1	1	1	930	690	128	32	80977.03	7771.66	12983.25
1	1	1	930	930	128	32	69953.07	7023.9	12266.12
1	1	1	930	1170	128	32	64482.09	6624.47	12604.65
1	1	1	930	1410	128	32	63618.78	6546.05	15545.31
1	1	1	1170	210	128	32	119239.95	11020.71	16052.67
1	1	1	1170	450	128	32	83877.59	8485.38	13144.48
1	1	1	1170	690	128	32	78662.38	8046.72	12757.14
1	1	1	1170	930	128	32	67640.07	7256.48	12081.79
1	1	1	1170	1170	128	32	62097.36	6842.75	12174.07
1	1	1	1170	1410	128	32	61135.31	6778.22	15231.87
1	1	1	1410	210	128	32	117960.93	13198.03	15924.81
1	1	1	1410	450	128	32	83029.7	10160.02	13076.16
1	1	1	1410	690	128	32	77283.94	9594.55	12672.7
1	1	1	1410	930	128	32	66465.44	8686.62	11960.27
1	1	1	1410	1170	128	32	61304.89	8254.72	12153.45
1	1	1	1410	1410	128	32	60063.68	8111.95	15300.55
1	1	1	210	210	128	64	232565.18	18412.97	26612.86
1	1	1	210	450	128	64	161446.81	13683.24	20665.93
1	1	1	210	690	128	64	140225.08	12176.38	18939.4
1	1	1	210	930	128	64	127480.2	11416.34	18190.82
1	1	1	210	1170	128	64	121598.49	10984.56	18597.18
1	1	1	210	1410	128	64	123531.1	11138.93	23674.37
1	1	1	450	210	128	64	200516.94	16202.74	24163.77
1	1	1	450	450	128	64	132521.23	11584.97	18319.65
1	1	1	450	690	128	64	111731.25	10160.02	16932.35
1	1	1	450	930	128	64	97434.12	9256.27	15781.91
1	1	1	450	1170	128	64	92821.16	8904.2	16381.93
1	1	1	450	1410	128	64	92089.34	8838.55	21011.34
1	1	1	690	210	128	64	187913.92	15519.7	23225.61
1	1	1	690	450	128	64	123291.19	11018.08	17694.98
1	1	1	690	690	128	64	101678.81	9438.22	16009.42
1	1	1	690	930	128	64	88368.35	8674.68	15027.59
1	1	1	690	1170	128	64	83431.69	8328.26	15653.31
1	1	1	690	1410	128	64	82278.15	8234.45	19931.82
1	1	1	930	210	128	64	180742.32	15299.62	22668.26
1	1	1	930	450	128	64	115465.94	10609.48	17107.47
1	1	1	930	690	128	64	94648.66	9166.05	15527.98
1	1	1	930	930	128	64	81766.91	8252.47	14804.37
1	1	1	930	1170	128	64	81491.77	8214.51	15533.75
1	1	1	930	1410	128	64	75334.01	7850.69	19300.52
1	1	1	1170	210	128	64	179491.2	15994.43	22492.76
1	1	1	1170	450	128	64	108804.05	10677.3	16554.23
1	1	1	1170	690	128	64	92660.88	9520.76	15295.99
1	1	1	1170	930	128	64	78700.49	8499.02	14407.42
1	1	1	1170	1170	128	64	74305.13	8236.11	14990.3
1	1	1	1170	1410	128	64	72780.64	8109.63	19265.23
1	1	1	1410	210	128	64	176960.66	18874.27	22190.06
1	1	1	1410	450	128	64	105883.58	12695.48	16378.06
1	1	1	1410	690	128	64	90536.68	11410.79	15157.0
1	1	1	1410	930	128	64	77988.19	10337.07	14643.07
1	1	1	1410	1170	128	64	72503.91	9905.8	14784.44
1	1	1	1410	1410	128	64	71759.31	9873.53	19285.64
1	1	1	210	210	128	128	461500.7	36605.03	52413.06
1	1	1	210	450	128	128	325555.43	27507.62	41319.09
1	1	1	210	690	128	128	277816.24	24207.99	37422.41
1	1	1	210	930	128	128	251380.74	22459.08	35758.52
1	1	1	210	1170	128	128	241639.26	21855.38	36934.41
1	1	1	210	1410	128	128	236348.92	21435.17	45926.81
1	1	1	450	210	128	128	390147.59	31723.3	47109.63
1	1	1	450	450	128	128	263144.41	23053.13	36551.62
1	1	1	450	690	128	128	221093.87	20143.42	33322.54
1	1	1	450	930	128	128	197149.71	18614.7	31712.53
1	1	1	450	1170	128	128	184248.21	17684.93	32476.54
1	1	1	450	1410	128	128	180366.9	17394.17	40934.24
1	1	1	690	210	128	128	372841.11	30978.05	46014.27
1	1	1	690	450	128	128	245482.1	21912.1	35332.79
1	1	1	690	690	128	128	203224.74	19017.47	32100.34
1	1	1	690	930	128	128	175963.63	17154.55	30240.45
1	1	1	690	1170	128	128	165867.72	16532.01	31081.74
1	1	1	690	1410	128	128	166522.39	16528.77	40097.74
1	1	1	930	210	128	128	362672.79	30800.25	45419.52
1	1	1	930	450	128	128	226891.27	20971.35	33835.52
1	1	1	930	690	128	128	185796.65	17966.56	30500.27
1	1	1	930	930	128	128	162536.1	16472.37	29360.09
1	1	1	930	1170	128	128	150360.72	15574.43	29826.38
1	1	1	930	1410	128	128	149516.37	15608.51	38624.33
1	1	1	1170	210	128	128	354814.76	31663.45	44476.51
1	1	1	1170	450	128	128	216623.36	21383.55	33083.22
1	1	1	1170	690	128	128	183739.64	18898.42	30638.77
1	1	1	1170	930	128	128	160064.5	17154.55	29215.81
1	1	1	1170	1170	128	128	146511.08	16082.9	29841.89
1	1	1	1170	1410	128	128	142249.91	15818.11	37332.3
1	1	1	1410	210	128	128	353504.82	37773.2	44397.17
1	1	1	1410	450	128	128	211239.79	25320.73	32528.39
1	1	1	1410	690	128	128	181074.02	22801.98	30589.52
1	1	1	1410	930	128	128	153767.65	20483.78	28729.54
1	1	1	1410	1170	128	128	140434.52	19183.51	28912.33
1	1	1	1410	1410	128	128	141436.32	19430.66	38074.12
1	1	1	210	210	128	256	921840.45	73081.56	104982.8
1	1	1	210	450	128	256	636212.14	53980.1	81218.52
1	1	1	210	690	128	256	548357.66	47837.27	74213.2
1	1	1	210	930	128	256	497718.02	44508.49	71016.43
1	1	1	210	1170	128	256	470208.91	42612.4	72455.02
1	1	1	210	1410	128	256	467912.15	42575.48	91704.6
1	1	1	450	210	128	256	777631.48	63324.12	94012.39
1	1	1	450	450	128	256	512904.55	44992.16	71539.7
1	1	1	450	690	128	256	438717.45	39986.8	66367.37
1	1	1	450	930	128	256	376328.83	35766.69	61588.27
1	1	1	450	1170	128	256	359528.26	34654.78	63834.59
1	1	1	450	1410	128	256	361931.38	34931.95	82595.83
1	1	1	690	210	128	256	743785.11	61794.99	92086.14
1	1	1	690	450	128	256	481263.45	43047.35	69645.28
1	1	1	690	690	128	256	395686.63	37097.63	63064.91
1	1	1	690	930	128	256	342831.64	33559.07	59561.98
1	1	1	690	1170	128	256	324585.58	32215.93	61281.91
1	1	1	690	1410	128	256	320775.43	32185.9	78856.65
1	1	1	930	210	128	256	714778.57	60747.84	89826.09
1	1	1	930	450	128	256	450655.39	41758.84	67616.86
1	1	1	930	690	128	256	370859.92	35945.41	61411.1
1	1	1	930	930	128	256	318268.73	32213.59	57797.89
1	1	1	930	1170	128	256	301771.6	31281.45	60573.18
1	1	1	930	1410	128	256	288757.99	30128.84	75361.29
1	1	1	1170	210	128	256	707691.07	63200.43	88924.64
1	1	1	1170	450	128	256	433093.84	42665.92	66163.16
1	1	1	1170	690	128	256	364325.72	37590.59	60952.08
1	1	1	1170	930	128	256	298620.63	32412.01	55114.85
1	1	1	1170	1170	128	256	286822.19	31721.23	59056.59
1	1	1	1170	1410	128	256	284675.9	31720.09	75688.03
1	1	1	1410	210	128	256	702663.07	75214.9	88685.04
1	1	1	1410	450	128	256	418005.01	50360.81	64998.84
1	1	1	1410	690	128	256	348346.22	44171.67	59254.92
1	1	1	1410	930	128	256	298965.17	40142.73	56279.67
1	1	1	1410	1170	128	256	279810.73	38363.16	58218.13
1	1	1	1410	1410	128	256	276126.29	38047.6	75253.89
1	1	1	210	210	512	1	158475.96	12494.97	19069.26
1	1	1	210	450	512	1	111862.72	9315.63	14925.17
1	1	1	210	690	512	1	98338.94	8513.87	13892.44
1	1	1	210	930	512	1	84786.35	7542.27	12769.98
1	1	1	210	1170	512	1	79127.53	7137.08	12776.35
1	1	1	210	1410	512	1	78160.12	7023.22	15905.34
1	1	1	450	210	512	1	139826.57	11331.35	17555.28
1	1	1	450	450	512	1	93464.05	8145.32	13417.0
1	1	1	450	690	512	1	80034.75	7045.09	12380.74
1	1	1	450	930	512	1	66526.09	6225.5	11175.23
1	1	1	450	1170	512	1	60794.28	5841.99	11300.05
1	1	1	450	1410	512	1	59889.68	5787.03	14022.38
1	1	1	690	210	512	1	134097.73	10849.41	16938.92
1	1	1	690	450	512	1	87636.77	7689.38	12959.63
1	1	1	690	690	512	1	74228.1	6801.16	11905.8
1	1	1	690	930	512	1	60671.15	5806.64	10714.98
1	1	1	690	1170	512	1	54988.21	5417.83	10667.24
1	1	1	690	1410	512	1	54041.22	5357.77	13465.3
1	1	1	930	210	512	1	129453.15	10598.16	16468.45
1	1	1	930	450	512	1	81986.57	7384.24	12674.08
1	1	1	930	690	512	1	69044.53	6453.38	11414.22
1	1	1	930	930	512	1	55680.9	5510.73	10325.52
1	1	1	930	1170	512	1	49952.12	5070.82	10306.42
1	1	1	930	1410	512	1	49400.99	5079.23	12988.96
1	1	1	1170	210	512	1	127994.67	10773.67	16305.09
1	1	1	1170	450	512	1	80482.49	7591.2	12560.24
1	1	1	1170	690	512	1	66989.05	6612.12	11226.34
1	1	1	1170	930	512	1	54087.45	5657.95	10226.21
1	1	1	1170	1170	512	1	48370.53	5175.78	10204.63
1	1	1	1170	1410	512	1	47979.51	5257.9	12862.74
1	1	1	1410	210	512	1	127253.37	12850.19	16346.32
1	1	1	1410	450	512	1	79725.58	9044.44	12365.9
1	1	1	1410	690	512	1	66181.23	7879.93	11268.03
1	1	1	1410	930	512	1	53329.86	6766.2	10138.25
1	1	1	1410	1170	512	1	47588.65	6218.25	10096.59
1	1	1	1410	1410	512	1	47329.3	6302.62	12732.05
1	1	1	210	210	512	2	151530.84	12196.89	18513.72
1	1	1	210	450	512	2	111612.98	9524.4	14983.52
1	1	1	210	690	512	2	101605.72	8842.15	14293.91
1	1	1	210	930	512	2	88991.44	7887.07	13192.96
1	1	1	210	1170	512	2	83425.77	7532.88	13329.15
1	1	1	210	1410	512	2	82276.66	7487.22	16529.07
1	1	1	450	210	512	2	133710.96	10939.05	16826.07
1	1	1	450	450	512	2	94054.98	8216.54	13551.47
1	1	1	450	690	512	2	84015.32	7525.84	12811.88
1	1	1	450	930	512	2	71534.71	6707.16	11810.07
1	1	1	450	1170	512	2	65875.16	6259.38	11840.23
1	1	1	450	1410	512	2	64867.53	6180.0	14686.47
1	1	1	690	210	512	2	127678.13	10388.48	16495.23
1	1	1	690	450	512	2	87772.39	7773.23	13093.75
1	1	1	690	690	512	2	77792.9	7061.8	12287.67
1	1	1	690	930	512	2	65204.49	6212.34	11288.23
1	1	1	690	1170	512	2	60123.48	5903.04	11289.69
1	1	1	690	1410	512	2	59026.7	5767.32	14334.29
1	1	1	930	210	512	2	122468.92	10190.23	16089.29
1	1	1	930	450	512	2	81486.58	7436.15	12646.34
1	1	1	930	690	512	2	72190.57	6760.31	11851.12
1	1	1	930	930	512	2	59951.6	5870.39	10821.88
1	1	1	930	1170	512	2	54367.98	5544.31	10846.58
1	1	1	930	1410	512	2	53335.49	5433.39	13589.61
1	1	1	1170	210	512	2	120499.3	10627.0	15965.24
1	1	1	1170	450	512	2	79277.18	7660.23	12453.02
1	1	1	1170	690	512	2	69263.11	6975.73	11600.06
1	1	1	1170	930	512	2	57761.16	6018.02	10736.22
1	1	1	1170	1170	512	2	52185.94	5690.09	10690.47
1	1	1	1170	1410	512	2	51100.76	5550.39	13353.78
1	1	1	1410	210	512	2	119377.56	12578.02	15872.67
1	1	1	1410	450	512	2	78215.25	9151.03	12354.48
1	1	1	1410	690	512	2	68254.29	8242.38	11512.65
1	1	1	1410	930	512	2	56687.03	7265.15	10608.16
1	1	1	1410	1170	512	2	51111.96	6737.7	10564.38
1	1	1	1410	1410	512	2	50053.34	6686.87	13326.81
1	1	1	210	210	512	4	156548.2	12410.41	18979.41
1	1	1	210	450	512	4	116399.2	9787.6	15456.34
1	1	1	210	690	512	4	106140.35	9119.54	14659.72
1	1	1	210	930	512	4	94121.82	8322.84	13716.69
1	1	1	210	1170	512	4	88734.26	7930.16	13881.51
1	1	1	210	1410	512	4	87669.78	7877.95	17357.67
1	1	1	450	210	512	4	136456.08	11164.66	17353.55
1	1	1	450	450	512	4	96892.35	8361.34	13942.41
1	1	1	450	690	512	4	87143.98	7774.47	13110.55
1	1	1	450	930	512	4	73972.92	6852.39	12095.55
1	1	1	450	1170	512	4	69412.97	6589.54	12361.43
1	1	1	450	1410	512	4	68321.97	6502.72	15381.53
1	1	1	690	210	512	4	129445.95	10618.91	16819.55
1	1	1	690	450	512	4	89474.77	7981.8	13338.04
1	1	1	690	690	512	4	79936.39	7318.33	12494.41
1	1	1	690	930	512	4	67504.08	6479.27	11598.94
1	1	1	690	1170	512	4	62124.64	6066.41	11696.97
1	1	1	690	1410	512	4	60998.94	6017.24	14705.55
1	1	1	930	210	512	4	123864.72	10468.9	16284.61
1	1	1	930	450	512	4	83397.44	7629.8	12879.9
1	1	1	930	690	512	4	73821.43	6955.15	12110.26
1	1	1	930	930	512	4	61415.75	6063.27	11038.7
1	1	1	930	1170	512	4	56427.79	5712.97	11277.04
1	1	1	930	1410	512	4	55318.06	5620.73	14235.63
1	1	1	1170	210	512	4	123081.18	11004.55	16433.65
1	1	1	1170	450	512	4	81255.06	7940.06	12725.84
1	1	1	1170	690	512	4	70885.61	7169.2	11867.09
1	1	1	1170	930	512	4	59438.63	6322.58	10815.43
1	1	1	1170	1170	512	4	54422.38	5902.11	11060.4
1	1	1	1170	1410	512	4	53355.51	5804.21	14013.12
1	1	1	1410	210	512	4	121918.32	13108.11	16291.2
1	1	1	1410	450	512	4	80209.29	9499.55	12674.23
1	1	1	1410	690	512	4	69765.9	8492.84	11812.02
1	1	1	1410	930	512	4	58217.5	7482.03	10871.84
1	1	1	1410	1170	512	4	53252.87	7072.17	11053.72
1	1	1	1410	1410	512	4	52310.14	6906.3	13683.65
1	1	1	210	210	512	8	162351.33	12992.9	19435.62
1	1	1	210	450	512	8	122565.7	10443.78	16208.41
1	1	1	210	690	512	8	111610.42	9619.62	15268.41
1	1	1	210	930	512	8	99240.87	8815.16	14415.39
1	1	1	210	1170	512	8	94530.38	8485.03	14694.38
1	1	1	210	1410	512	8	93500.03	8389.44	18315.18
1	1	1	450	210	512	8	141655.75	11624.04	17946.77
1	1	1	450	450	512	8	101598.9	8926.8	14461.04
1	1	1	450	690	512	8	91727.75	8243.3	13843.76
1	1	1	450	930	512	8	79138.29	7354.55	12928.16
1	1	1	450	1170	512	8	74199.88	7068.52	13121.98
1	1	1	450	1410	512	8	73135.82	6959.59	16310.7
1	1	1	690	210	512	8	134135.11	11150.08	17358.55
1	1	1	690	450	512	8	94508.2	8447.39	13993.38
1	1	1	690	690	512	8	83986.68	7739.5	13208.21
1	1	1	690	930	512	8	71637.8	6861.88	12258.52
1	1	1	690	1170	512	8	66626.11	6502.15	12421.71
1	1	1	690	1410	512	8	65519.01	6503.38	15658.32
1	1	1	930	210	512	8	128156.84	10933.29	16868.3
1	1	1	930	450	512	8	86908.88	7943.22	13331.95
1	1	1	930	690	512	8	78098.89	7381.04	12775.89
1	1	1	930	930	512	8	65611.97	6586.05	11962.7
1	1	1	930	1170	512	8	60644.04	6233.21	12053.44
1	1	1	930	1410	512	8	59492.38	6132.77	15227.6
1	1	1	1170	210	512	8	126200.42	11459.36	16735.05
1	1	1	1170	450	512	8	85253.85	8320.46	13389.41
1	1	1	1170	690	512	8	74752.83	7564.77	12530.85
1	1	1	1170	930	512	8	63450.76	6740.22	11718.63
1	1	1	1170	1170	512	8	58389.97	6413.58	11794.12
1	1	1	1170	1410	512	8	57283.0	6304.62	14856.59
1	1	1	1410	210	512	8	125030.23	13533.98	16763.02
1	1	1	1410	450	512	8	84072.85	9929.37	13326.12
1	1	1	1410	690	512	8	73586.9	9050.77	12412.2
1	1	1	1410	930	512	8	62181.07	8017.95	11545.9
1	1	1	1410	1170	512	8	57099.51	7647.04	11763.33
1	1	1	1410	1410	512	8	56090.32	7464.82	14590.81
1	1	1	210	210	512	16	170454.71	13912.92	20597.99
1	1	1	210	450	512	16	129146.16	11121.47	17100.18
1	1	1	210	690	512	16	118918.19	10358.7	16336.99
1	1	1	210	930	512	16	106536.33	9582.44	15425.12
1	1	1	210	1170	512	16	102054.31	9243.91	15859.95
1	1	1	210	1410	512	16	100725.59	9215.41	19689.45
1	1	1	450	210	512	16	146460.28	12133.02	18655.48
1	1	1	450	450	512	16	108197.37	9539.75	15484.11
1	1	1	450	690	512	16	97284.15	8808.92	14740.19
1	1	1	450	930	512	16	84868.56	8011.55	13952.09
1	1	1	450	1170	512	16	80141.99	7695.13	14258.31
1	1	1	450	1410	512	16	79361.49	7638.87	17965.59
1	1	1	690	210	512	16	139346.97	11618.27	18075.64
1	1	1	690	450	512	16	101111.06	9128.72	15049.54
1	1	1	690	690	512	16	89960.58	8387.24	14278.05
1	1	1	690	930	512	16	77747.41	7557.01	13390.59
1	1	1	690	1170	512	16	73135.64	7239.57	13833.96
1	1	1	690	1410	512	16	72001.79	7207.78	17407.3
1	1	1	930	210	512	16	134152.0	11542.18	17830.41
1	1	1	930	450	512	16	93101.73	8665.69	14388.41
1	1	1	930	690	512	16	83859.69	8050.55	13737.16
1	1	1	930	930	512	16	71217.72	7170.57	12898.75
1	1	1	930	1170	512	16	67041.6	6957.09	13369.76
1	1	1	930	1410	512	16	65773.52	6827.46	16856.06
1	1	1	1170	210	512	16	132445.28	12078.17	17721.91
1	1	1	1170	450	512	16	91023.05	8995.89	14296.62
1	1	1	1170	690	512	16	82358.72	8392.55	13755.27
1	1	1	1170	930	512	16	69703.36	7510.33	12932.48
1	1	1	1170	1170	512	16	64985.09	7160.5	13126.56
1	1	1	1170	1410	512	16	64234.33	7138.1	16700.62
1	1	1	1410	210	512	16	131275.72	14318.73	17703.23
1	1	1	1410	450	512	16	89904.55	10707.31	14310.88
1	1	1	1410	690	512	16	81126.1	10062.83	13605.64
1	1	1	1410	930	512	16	68518.02	8949.05	12776.85
1	1	1	1410	1170	512	16	64206.05	8687.89	13288.25
1	1	1	1410	1410	512	16	63096.43	8524.16	16677.3
1	1	1	210	210	512	32	178908.04	14710.82	21316.03
1	1	1	210	450	512	32	143993.21	12410.7	18620.28
1	1	1	210	690	512	32	134840.51	11820.09	18018.98
1	1	1	210	930	512	32	124197.65	11211.53	17532.59
1	1	1	210	1170	512	32	118717.06	10776.15	17981.52
1	1	1	210	1410	512	32	117832.91	10704.87	22158.4
1	1	1	450	210	512	32	152021.19	12885.72	19404.91
1	1	1	450	450	512	32	120982.06	10801.53	16957.79
1	1	1	450	690	512	32	112431.28	10248.37	16544.41
1	1	1	450	930	512	32	101493.31	9558.55	15979.96
1	1	1	450	1170	512	32	95867.19	9257.6	16361.62
1	1	1	450	1410	512	32	94715.25	9212.17	20539.82
1	1	1	690	210	512	32	143376.88	12304.03	18600.53
1	1	1	690	450	512	32	112532.92	10316.31	16405.82
1	1	1	690	690	512	32	104142.87	9722.22	15901.82
1	1	1	690	930	512	32	93254.51	9092.98	15465.56
1	1	1	690	1170	512	32	87742.43	8753.62	15946.67
1	1	1	690	1410	512	32	86914.44	8726.48	20124.98
1	1	1	930	210	512	32	137390.63	12108.45	18278.7
1	1	1	930	450	512	32	102697.78	9680.42	15626.41
1	1	1	930	690	512	32	97560.07	9418.18	15579.19
1	1	1	930	930	512	32	86474.38	8734.59	15128.03
1	1	1	930	1170	512	32	80823.37	8404.16	15499.54
1	1	1	930	1410	512	32	80020.35	8339.98	19881.55
1	1	1	1170	210	512	32	133755.39	12503.26	17820.68
1	1	1	1170	450	512	32	100045.03	10185.93	15562.15
1	1	1	1170	690	512	32	94788.81	9812.55	15300.66
1	1	1	1170	930	512	32	83933.32	9110.67	14933.55
1	1	1	1170	1170	512	32	78420.76	8730.96	15401.7
1	1	1	1170	1410	512	32	77735.09	8698.02	19512.94
1	1	1	1410	210	512	32	133335.11	14958.86	17963.94
1	1	1	1410	450	512	32	98344.93	12077.31	15445.69
1	1	1	1410	690	512	32	93752.34	11699.34	15300.3
1	1	1	1410	930	512	32	82923.57	10936.34	14943.66
1	1	1	1410	1170	512	32	77191.25	10567.05	15320.45
1	1	1	1410	1410	512	32	76163.51	10441.11	19361.33
1	1	1	210	210	512	64	259744.81	20880.49	29534.46
1	1	1	210	450	512	64	190848.81	16312.5	24121.13
1	1	1	210	690	512	64	170994.22	15127.26	22798.48
1	1	1	210	930	512	64	156861.73	14124.04	21921.59
1	1	1	210	1170	512	64	152090.25	13907.12	22942.46
1	1	1	210	1410	512	64	148720.96	13596.61	28454.52
1	1	1	450	210	512	64	222490.34	18340.52	26862.91
1	1	1	450	450	512	64	160165.93	14243.02	22042.27
1	1	1	450	690	512	64	144210.27	13185.79	21095.0
1	1	1	450	930	512	64	127255.09	12170.51	20219.67
1	1	1	450	1170	512	64	122020.9	11946.9	20973.24
1	1	1	450	1410	512	64	121091.96	11859.62	26539.84
1	1	1	690	210	512	64	210895.87	17863.57	26249.81
1	1	1	690	450	512	64	150635.58	13679.07	21563.34
1	1	1	690	690	512	64	131076.39	12424.54	20146.28
1	1	1	690	930	512	64	117404.93	11567.05	19662.02
1	1	1	690	1170	512	64	112077.95	11300.18	20501.32
1	1	1	690	1410	512	64	110870.23	11169.74	25935.9
1	1	1	930	210	512	64	202744.16	17583.94	25674.41
1	1	1	930	450	512	64	142306.38	13391.48	20987.29
1	1	1	930	690	512	64	123228.1	12069.22	19749.65
1	1	1	930	930	512	64	110063.69	11232.53	19380.58
1	1	1	930	1170	512	64	104500.73	10961.43	20180.3
1	1	1	930	1410	512	64	103352.96	10897.84	25841.76
1	1	1	1170	210	512	64	200564.22	18277.7	25470.09
1	1	1	1170	450	512	64	138661.86	13847.88	20749.84
1	1	1	1170	690	512	64	120415.78	12515.55	19735.64
1	1	1	1170	930	512	64	105874.18	11553.43	19234.79
1	1	1	1170	1170	512	64	101777.89	11420.89	20122.75
1	1	1	1170	1410	512	64	100416.76	11365.55	25770.3
1	1	1	1410	210	512	64	198442.31	21704.63	25251.56
1	1	1	1410	450	512	64	137783.38	16653.62	20639.3
1	1	1	1410	690	512	64	118925.94	15170.48	19639.86
1	1	1	1410	930	512	64	105464.86	14227.44	19228.2
1	1	1	1410	1170	512	64	99838.09	13662.84	19929.55
1	1	1	1410	1410	512	64	98555.31	13773.98	25877.49
1	1	1	210	210	512	128	504864.36	40555.26	57356.91
1	1	1	210	450	512	128	364963.4	31337.08	46024.84
1	1	1	210	690	512	128	323176.5	28691.59	43201.45
1	1	1	210	930	512	128	295445.47	26788.0	41423.99
1	1	1	210	1170	512	128	284433.03	26029.1	43068.64
1	1	1	210	1410	512	128	281915.8	25854.59	53788.94
1	1	1	450	210	512	128	435377.12	35821.95	52162.02
1	1	1	450	450	512	128	307574.62	27262.39	42166.19
1	1	1	450	690	512	128	262500.47	24321.27	38989.5
1	1	1	450	930	512	128	234716.94	22572.55	37557.23
1	1	1	450	1170	512	128	224852.84	21972.94	38939.29
1	1	1	450	1410	512	128	221660.53	21793.23	49404.21
1	1	1	690	210	512	128	409326.68	34552.14	50630.63
1	1	1	690	450	512	128	284197.12	25809.72	40562.17
1	1	1	690	690	512	128	242668.62	23113.7	37746.77
1	1	1	690	930	512	128	215554.64	21412.09	36328.78
1	1	1	690	1170	512	128	205283.47	20686.39	37669.35
1	1	1	690	1410	512	128	202247.1	20483.77	48213.96
1	1	1	930	210	512	128	393435.76	34077.44	49593.91
1	1	1	930	450	512	128	267798.2	25128.88	39453.51
1	1	1	930	690	512	128	227330.14	22338.91	36789.66
1	1	1	930	930	512	128	199668.65	20534.17	35681.01
1	1	1	930	1170	512	128	189886.36	20016.76	37294.05
1	1	1	930	1410	512	128	186170.43	19852.04	47475.46
1	1	1	1170	210	512	128	388354.26	35448.32	48954.52
1	1	1	1170	450	512	128	262629.06	26140.03	39145.35
1	1	1	1170	690	512	128	221151.87	23197.01	36518.14
1	1	1	1170	930	512	128	197192.83	21608.69	35456.74
1	1	1	1170	1170	512	128	183183.54	20742.48	36735.75
1	1	1	1170	1410	512	128	181036.43	20561.83	47002.9
1	1	1	1410	210	512	128	384751.2	42104.38	48685.82
1	1	1	1410	450	512	128	255832.29	31141.3	38748.02
1	1	1	1410	690	512	128	218272.63	27987.77	36289.99
1	1	1	1410	930	512	128	192166.09	26170.52	35358.92
1	1	1	1410	1170	512	128	180713.43	25171.05	36607.2
1	1	1	1410	1410	512	128	177931.9	24948.38	47531.82
1	1	1	210	210	512	256	987878.11	79339.19	112124.23
1	1	1	210	450	512	256	703379.5	60491.66	89061.93
1	1	1	210	690	512	256	618938.64	55124.18	82850.04
1	1	1	210	930	512	256	561388.26	51048.96	79059.14
1	1	1	210	1170	512	256	539982.9	49534.65	81619.62
1	1	1	210	1410	512	256	532953.81	49089.3	102663.75
1	1	1	450	210	512	256	848694.51	69772.83	101392.97
1	1	1	450	450	512	256	579892.65	51794.84	79977.34
1	1	1	450	690	512	256	493162.66	45829.71	73762.38
1	1	1	450	930	512	256	443078.75	42778.8	70900.79
1	1	1	450	1170	512	256	420377.29	41295.87	73405.41
1	1	1	450	1410	512	256	411699.49	40500.2	92482.33
1	1	1	690	210	512	256	796844.51	67317.12	98449.05
1	1	1	690	450	512	256	536578.66	48751.7	76515.23
1	1	1	690	690	512	256	457358.2	43591.34	71203.77
1	1	1	690	930	512	256	397671.85	39701.45	67527.55
1	1	1	690	1170	512	256	381937.38	38830.94	71312.84
1	1	1	690	1410	512	256	376790.52	38482.44	90494.26
1	1	1	930	210	512	256	766111.05	66344.46	96272.96
1	1	1	930	450	512	256	510973.88	47984.18	75217.14
1	1	1	930	690	512	256	426967.07	42374.42	69718.76
1	1	1	930	930	512	256	367720.16	38093.3	65947.81
1	1	1	930	1170	512	256	351371.29	37251.87	69271.09
1	1	1	930	1410	512	256	344819.71	36725.07	88182.02
1	1	1	1170	210	512	256	754663.21	69178.38	95140.07
1	1	1	1170	450	512	256	496780.52	49624.72	74203.0
1	1	1	1170	690	512	256	410457.47	43370.48	68168.95
1	1	1	1170	930	512	256	360710.27	40141.24	66043.33
1	1	1	1170	1170	512	256	343534.97	38975.45	68884.21
1	1	1	1170	1410	512	256	331016.79	37805.81	86891.98
1	1	1	1410	210	512	256	750939.28	82208.05	94768.77
1	1	1	1410	450	512	256	489852.25	59532.84	73729.99
1	1	1	1410	690	512	256	409070.78	52977.34	68652.82
1	1	1	1410	930	512	256	357378.48	48843.13	66006.12
1	1	1	1410	1170	512	256	335664.29	47184.55	68652.41
1	1	1	1410	1410	512	256	326290.53	46203.37	88095.32
1	1	1	210	210	2048	1	160451.05	12709.58	19179.53
1	1	1	210	450	2048	1	113892.54	9413.1	15030.57
1	1	1	210	690	2048	1	100421.02	8626.95	13895.93
1	1	1	210	930	2048	1	86852.97	7709.14	12905.04
1	1	1	210	1170	2048	1	81302.71	7245.84	12919.81
1	1	1	210	1410	2048	1	80335.26	7238.74	16004.1
1	1	1	450	210	2048	1	141985.44	11503.23	17726.09
1	1	1	450	450	2048	1	95668.33	8250.41	13543.73
1	1	1	450	690	2048	1	82214.3	7204.95	12516.03
1	1	1	450	930	2048	1	68662.87	6314.75	11435.23
1	1	1	450	1170	2048	1	62924.41	5972.74	11315.3
1	1	1	450	1410	2048	1	62069.34	5869.98	14186.98
1	1	1	690	210	2048	1	136169.21	10995.39	17025.3
1	1	1	690	450	2048	1	89814.51	7855.04	13210.74
1	1	1	690	690	2048	1	76308.51	6891.14	12007.24
1	1	1	690	930	2048	1	62836.92	5964.62	10833.07
1	1	1	690	1170	2048	1	57117.82	5600.3	10884.11
1	1	1	690	1410	2048	1	56218.29	5458.7	13732.03
1	1	1	930	210	2048	1	131369.34	10754.71	16626.81
1	1	1	930	450	2048	1	83938.68	7538.48	12723.27
1	1	1	930	690	2048	1	71133.57	6620.39	11461.63
1	1	1	930	930	2048	1	57683.94	5682.88	10428.99
1	1	1	930	1170	2048	1	51982.9	5303.84	10410.05
1	1	1	930	1410	2048	1	51425.75	5238.81	13098.23
1	1	1	1170	210	2048	1	129918.45	10941.8	16378.6
1	1	1	1170	450	2048	1	82431.94	7789.96	12565.58
1	1	1	1170	690	2048	1	69002.36	6717.07	11371.38
1	1	1	1170	930	2048	1	56101.65	5765.4	10274.11
1	1	1	1170	1170	2048	1	50446.61	5430.17	10267.67
1	1	1	1170	1410	2048	1	49986.59	5375.02	13001.09
1	1	1	1410	210	2048	1	129221.96	13032.87	16477.15
1	1	1	1410	450	2048	1	81588.21	9184.99	12555.95
1	1	1	1410	690	2048	1	68099.38	8027.12	11340.14
1	1	1	1410	930	2048	1	55269.91	6983.8	10263.51
1	1	1	1410	1170	2048	1	49493.89	6455.59	10143.39
1	1	1	1410	1410	2048	1	49270.26	6448.69	13005.95
1	1	1	210	210	2048	2	156386.77	12563.48	18845.64
1	1	1	210	450	2048	2	116000.29	9787.62	15256.63
1	1	1	210	690	2048	2	106560.84	9195.09	14675.47
1	1	1	210	930	2048	2	93858.73	8324.83	13620.84
1	1	1	210	1170	2048	2	88176.79	7887.2	13847.77
1	1	1	210	1410	2048	2	87116.69	7848.2	17153.96
1	1	1	450	210	2048	2	138809.59	11331.71	17352.37
1	1	1	450	450	2048	2	98453.54	8622.59	13945.98
1	1	1	450	690	2048	2	88133.22	7851.59	13262.92
1	1	1	450	930	2048	2	75585.16	7047.97	12205.77
1	1	1	450	1170	2048	2	70493.3	6666.23	12367.18
1	1	1	450	1410	2048	2	69359.77	6554.81	15490.2
1	1	1	690	210	2048	2	132494.79	10695.7	16896.46
1	1	1	690	450	2048	2	91827.0	8098.34	13458.88
1	1	1	690	690	2048	2	82138.95	7462.98	12772.3
1	1	1	690	930	2048	2	69689.98	6603.7	11802.62
1	1	1	690	1170	2048	2	63938.5	6217.03	11758.3
1	1	1	690	1410	2048	2	62816.42	6111.8	14856.73
1	1	1	930	210	2048	2	126920.11	10533.54	16512.28
1	1	1	930	450	2048	2	85223.01	7721.22	12982.02
1	1	1	930	690	2048	2	76108.21	7119.99	12245.17
1	1	1	930	930	2048	2	63601.24	6207.44	11285.16
1	1	1	930	1170	2048	2	58244.53	5840.84	11474.8
1	1	1	930	1410	2048	2	57159.29	5799.5	14212.67
1	1	1	1170	210	2048	2	124851.15	11025.73	16304.55
1	1	1	1170	450	2048	2	82818.68	8019.48	12731.38
1	1	1	1170	690	2048	2	73117.01	7284.15	12079.23
1	1	1	1170	930	2048	2	61389.07	6444.96	10967.76
1	1	1	1170	1170	2048	2	56017.73	6075.07	11244.41
1	1	1	1170	1410	2048	2	54929.81	5956.17	13998.52
1	1	1	1410	210	2048	2	123736.85	13137.42	16361.95
1	1	1	1410	450	2048	2	81806.71	9586.82	12667.95
1	1	1	1410	690	2048	2	71992.04	8691.2	11953.42
1	1	1	1410	930	2048	2	60252.76	7728.41	11035.84
1	1	1	1410	1170	2048	2	54889.68	7239.04	11091.15
1	1	1	1410	1410	2048	2	53829.57	7152.65	13949.3
1	1	1	210	210	2048	4	166099.37	13140.46	19917.88
1	1	1	210	450	2048	4	126306.64	10641.91	16601.81
1	1	1	210	690	2048	4	116091.03	9954.71	15654.98
1	1	1	210	930	2048	4	103242.48	9130.86	14774.12
1	1	1	210	1170	2048	4	98155.7	8782.42	15028.27
1	1	1	210	1410	2048	4	96996.22	8640.01	18713.09
1	1	1	450	210	2048	4	145174.87	11799.39	18233.88
1	1	1	450	450	2048	4	105508.79	9171.81	14842.05
1	1	1	450	690	2048	4	95615.37	8525.59	14126.59
1	1	1	450	930	2048	4	82991.68	7703.37	13220.39
1	1	1	450	1170	2048	4	78250.07	7415.88	13479.66
1	1	1	450	1410	2048	4	76996.24	7292.91	16890.17
1	1	1	690	210	2048	4	137692.58	11376.59	17558.32
1	1	1	690	450	2048	4	98213.21	8762.2	14369.26
1	1	1	690	690	2048	4	88290.68	8083.84	13738.43
1	1	1	690	930	2048	4	75863.04	7279.1	12849.35
1	1	1	690	1170	2048	4	70411.91	6912.61	12964.91
1	1	1	690	1410	2048	4	69230.08	6774.7	16095.52
1	1	1	930	210	2048	4	132570.48	11199.94	17335.23
1	1	1	930	450	2048	4	91244.91	8387.36	13944.15
1	1	1	930	690	2048	4	82096.22	7770.27	13297.27
1	1	1	930	930	2048	4	69482.14	6920.3	12408.71
1	1	1	930	1170	2048	4	64368.23	6504.45	12626.56
1	1	1	930	1410	2048	4	63181.22	6396.05	15803.72
1	1	1	1170	210	2048	4	130684.1	11668.37	17141.44
1	1	1	1170	450	2048	4	88906.19	8726.35	13692.3
1	1	1	1170	690	2048	4	78856.62	7905.15	13041.03
1	1	1	1170	930	2048	4	67715.39	7125.75	12183.7
1	1	1	1170	1170	2048	4	62451.32	6798.52	12428.2
1	1	1	1170	1410	2048	4	61327.01	6669.93	15720.44
1	1	1	1410	210	2048	4	129462.73	13861.46	17007.12
1	1	1	1410	450	2048	4	87807.38	10351.28	13669.19
1	1	1	1410	690	2048	4	77637.39	9451.68	12897.49
1	1	1	1410	930	2048	4	66482.51	8565.09	11986.17
1	1	1	1410	1170	2048	4	61188.87	8131.84	12304.71
1	1	1	1410	1410	2048	4	60083.63	7927.83	15585.67
1	1	1	210	210	2048	8	180121.05	14626.91	21375.34
1	1	1	210	450	2048	8	139221.36	11863.6	18250.31
1	1	1	210	690	2048	8	129170.03	11241.57	17457.5
1	1	1	210	930	2048	8	116535.29	10425.36	16707.14
1	1	1	210	1170	2048	8	111687.71	10063.06	17078.88
1	1	1	210	1410	2048	8	110372.61	10023.02	21223.45
1	1	1	450	210	2048	8	157429.68	13099.84	19746.14
1	1	1	450	450	2048	8	118215.01	10384.46	16543.09
1	1	1	450	690	2048	8	108248.01	9773.38	16046.45
1	1	1	450	930	2048	8	95444.56	8957.43	15318.58
1	1	1	450	1170	2048	8	90347.83	8589.41	15597.12
1	1	1	450	1410	2048	8	89477.91	8559.02	19712.38
1	1	1	690	210	2048	8	148969.81	12387.34	19027.84
1	1	1	690	450	2048	8	110617.1	9923.09	16156.98
1	1	1	690	690	2048	8	100123.94	9231.88	15487.57
1	1	1	690	930	2048	8	87342.9	8424.81	14829.2
1	1	1	690	1170	2048	8	82543.83	8148.03	15152.55
1	1	1	690	1410	2048	8	81694.07	8130.98	19188.84
1	1	1	930	210	2048	8	143119.21	12317.06	18591.6
1	1	1	930	450	2048	8	103224.75	9539.46	15640.07
1	1	1	930	690	2048	8	93364.43	8903.46	15060.91
1	1	1	930	930	2048	8	81196.2	8122.81	14435.36
1	1	1	930	1170	2048	8	76081.28	7839.51	14912.95
1	1	1	930	1410	2048	8	74847.74	7687.37	18756.5
1	1	1	1170	210	2048	8	141026.08	12821.61	18458.92
1	1	1	1170	450	2048	8	99973.67	9848.66	15395.54
1	1	1	1170	690	2048	8	90493.67	9275.45	14890.73
1	1	1	1170	930	2048	8	79010.88	8465.54	14369.95
1	1	1	1170	1170	2048	8	73872.52	8083.56	14658.72
1	1	1	1170	1410	2048	8	72914.4	8092.76	18670.96
1	1	1	1410	210	2048	8	139641.27	15217.12	18495.2
1	1	1	1410	450	2048	8	98789.82	11783.88	15397.66
1	1	1	1410	690	2048	8	88920.5	11048.84	14710.8
1	1	1	1410	930	2048	8	77710.42	10215.21	14229.0
1	1	1	1410	1170	2048	8	72719.04	9798.82	14626.25
1	1	1	1410	1410	2048	8	72004.14	9768.36	18670.26
1	1	1	210	210	2048	16	203972.5	16786.2	24275.44
1	1	1	210	450	2048	16	163797.86	14127.64	21050.29
1	1	1	210	690	2048	16	152595.08	13431.26	20490.95
1	1	1	210	930	2048	16	140274.59	12765.36	19802.38
1	1	1	210	1170	2048	16	134710.29	12345.32	20370.63
1	1	1	210	1410	2048	16	134259.69	12329.84	25500.24
1	1	1	450	210	2048	16	176614.51	14971.05	22355.15
1	1	1	450	450	2048	16	138617.96	12471.54	19456.76
1	1	1	450	690	2048	16	127620.29	11677.32	18938.35
1	1	1	450	930	2048	16	114688.54	10890.72	18373.11
1	1	1	450	1170	2048	16	110223.73	10681.04	19043.42
1	1	1	450	1410	2048	16	109155.49	10719.42	23963.47
1	1	1	690	210	2048	16	167880.81	14362.0	21661.36
1	1	1	690	450	2048	16	130082.3	11917.33	18943.77
1	1	1	690	690	2048	16	119031.15	11246.63	18440.9
1	1	1	690	930	2048	16	106430.08	10498.73	17965.91
1	1	1	690	1170	2048	16	101485.69	10186.38	18710.49
1	1	1	690	1410	2048	16	100854.54	10166.3	23554.13
1	1	1	930	210	2048	16	161742.47	14138.57	21261.64
1	1	1	930	450	2048	16	121373.61	11475.09	18374.7
1	1	1	930	690	2048	16	112431.57	10883.66	18129.98
1	1	1	930	930	2048	16	99745.27	10152.87	17708.76
1	1	1	930	1170	2048	16	94892.38	9841.27	18417.82
1	1	1	930	1410	2048	16	93678.68	9777.64	23344.33
1	1	1	1170	210	2048	16	159471.51	14735.6	21034.9
1	1	1	1170	450	2048	16	118717.86	11900.43	18310.16
1	1	1	1170	690	2048	16	109892.76	11390.61	17997.7
1	1	1	1170	930	2048	16	97477.88	10637.54	17648.32
1	1	1	1170	1170	2048	16	92754.12	10363.56	18437.42
1	1	1	1170	1410	2048	16	91642.61	10306.56	23381.91
1	1	1	1410	210	2048	16	158058.16	17630.91	21090.86
1	1	1	1410	450	2048	16	117128.2	14250.12	18203.73
1	1	1	1410	690	2048	16	108845.02	13708.05	18025.44
1	1	1	1410	930	2048	16	96548.67	12857.45	17686.55
1	1	1	1410	1170	2048	16	91417.55	12510.63	18488.47
1	1	1	1410	1410	2048	16	90724.0	12548.21	23380.74
1	1	1	210	210	2048	32	239908.42	20138.22	28112.87
1	1	1	210	450	2048	32	203044.37	17862.02	25577.95
1	1	1	210	690	2048	32	193615.66	17292.16	25303.67
1	1	1	210	930	2048	32	182037.41	16681.11	24987.06
1	1	1	210	1170	2048	32	176269.12	16348.41	25832.6
1	1	1	210	1410	2048	32	174636.81	16181.84	32229.09
1	1	1	450	210	2048	32	209550.5	18086.68	26263.07
1	1	1	450	450	2048	32	175973.76	16077.02	24199.57
1	1	1	450	690	2048	32	165927.8	15447.6	23912.91
1	1	1	450	930	2048	32	153956.17	14817.56	23790.87
1	1	1	450	1170	2048	32	148245.43	14533.24	24994.53
1	1	1	450	1410	2048	32	146807.44	14485.16	31269.45
1	1	1	690	210	2048	32	198535.86	17423.48	25497.41
1	1	1	690	450	2048	32	166701.54	15566.68	23826.91
1	1	1	690	690	2048	32	156695.97	15010.05	23713.47
1	1	1	690	930	2048	32	144381.91	14380.2	23742.7
1	1	1	690	1170	2048	32	138433.35	13973.59	24368.46
1	1	1	690	1410	2048	32	137524.92	14121.13	31368.59
1	1	1	930	210	2048	32	190488.01	17248.2	25121.81
1	1	1	930	450	2048	32	158023.49	15193.36	23522.12
1	1	1	930	690	2048	32	148565.96	14751.45	23492.76
1	1	1	930	930	2048	32	136081.84	14050.3	23721.13
1	1	1	930	1170	2048	32	130101.52	13875.72	24882.79
1	1	1	930	1410	2048	32	129376.6	13795.24	31635.87
1	1	1	1170	210	2048	32	187997.6	18001.19	24974.78
1	1	1	1170	450	2048	32	154786.0	15861.13	23380.7
1	1	1	1170	690	2048	32	146112.85	15412.3	23453.7
1	1	1	1170	930	2048	32	133295.75	14748.05	23499.45
1	1	1	1170	1170	2048	32	127520.29	14466.06	24926.12
1	1	1	1170	1410	2048	32	126475.03	14462.33	31573.16
1	1	1	1410	210	2048	32	186974.81	21573.57	25033.61
1	1	1	1410	450	2048	32	153662.78	19057.83	23383.99
1	1	1	1410	690	2048	32	144445.05	18598.84	23403.48
1	1	1	1410	930	2048	32	132253.08	17888.88	23720.72
1	1	1	1410	1170	2048	32	126211.44	17624.04	24828.48
1	1	1	1410	1410	2048	32	125421.44	17691.91	31896.75
1	1	1	690	690	2048	64	227983.64	22115.05	34114.38
1	1	1	690	930	2048	64	213467.91	21563.19	34473.29
1	1	1	690	1170	2048	64	207197.22	21316.0	36621.08
1	1	1	690	1410	2048	64	205841.96	21300.03	46290.34
1	1	1	930	690	2048	64	218295.43	21872.1	34214.2
1	1	1	930	930	2048	64	203699.42	21324.28	35028.16
1	1	1	930	1170	2048	64	197145.82	21216.55	36792.78
1	1	1	930	1410	2048	64	196007.72	21160.64	47001.41
1	1	1	1170	690	2048	64	214620.41	23075.72	34317.95
1	1	1	1170	930	2048	64	199908.69	22479.67	34877.68
1	1	1	1170	1170	2048	64	194164.21	22422.81	37080.62
1	1	1	1170	1410	2048	64	192644.78	22390.11	47062.88
1	1	1	1410	690	2048	64	212697.92	27906.79	34157.23
1	1	1	1410	930	2048	64	198394.44	27383.62	34930.15
1	1	1	1410	1170	2048	64	192415.76	27365.08	37240.92
1	1	1	1410	1410	2048	64	191159.92	27264.88	47145.11
1	1	2	210	210	128	1	157104.88	12429.25	18711.17
1	1	2	210	450	128	1	110436.82	9211.01	14709.55
1	1	2	210	690	128	1	97125.41	8395.72	13667.27
1	1	2	210	930	128	1	83843.95	7482.48	12714.15
1	1	2	210	1170	128	1	77962.57	7038.99	12747.32
1	1	2	210	1410	128	1	77004.48	6983.9	15680.44
1	1	2	450	210	128	1	138810.41	11274.69	17486.96
1	1	2	450	450	128	1	92448.27	8039.71	13296.3
1	1	2	450	690	128	1	79096.11	6991.67	12332.03
1	1	2	450	930	128	1	65668.67	6175.32	11201.78
1	1	2	450	1170	128	1	59955.74	5794.02	11146.95
1	1	2	450	1410	128	1	58947.01	5657.78	13912.59
1	1	2	690	210	128	1	133215.08	10791.23	16824.11
1	1	2	690	450	128	1	86715.2	7681.51	12921.4
1	1	2	690	690	128	1	73368.81	6759.23	11790.98
1	1	2	690	930	128	1	59987.53	5822.25	10813.51
1	1	2	690	1170	128	1	54275.64	5431.06	10699.14
1	1	2	690	1410	128	1	53285.13	5306.66	13425.87
1	1	2	930	210	128	1	128601.06	10428.24	16438.8
1	1	2	930	450	128	1	81189.57	7300.09	12545.05
1	1	2	930	690	128	1	68377.15	6377.98	11367.25
1	1	2	930	930	128	1	55047.53	5502.32	10333.42
1	1	2	930	1170	128	1	49274.85	5059.21	10220.48
1	1	2	930	1410	128	1	48724.83	5008.07	12910.98
1	1	2	1170	210	128	1	127248.02	10748.47	16373.68
1	1	2	1170	450	128	1	79677.33	7507.63	12507.97
1	1	2	1170	690	128	1	66279.96	6563.77	11197.87
1	1	2	1170	930	128	1	53463.68	5572.04	10220.49
1	1	2	1170	1170	128	1	47746.95	5205.28	10007.3
1	1	2	1170	1410	128	1	47355.42	5149.0	12713.26
1	1	2	1410	210	128	1	126519.02	12795.52	16307.62
1	1	2	1410	450	128	1	78992.43	8969.22	12450.63
1	1	2	1410	690	128	1	65565.67	7741.12	11241.41
1	1	2	1410	930	128	1	52736.37	6673.12	10115.52
1	1	2	1410	1170	128	1	46972.29	6241.68	10026.5
1	1	2	1410	1410	128	1	46714.17	6231.56	12652.07
1	1	2	210	210	128	2	226443.81	18353.22	30186.84
1	1	2	210	450	128	2	132413.98	12281.91	22258.78
1	1	2	210	690	128	2	105425.95	10551.34	20071.21
1	1	2	210	930	128	2	86999.91	9235.82	18575.12
1	1	2	210	1170	128	2	86915.16	9174.5	19399.23
1	1	2	210	1410	128	2	86852.44	9164.01	24802.02
1	1	2	450	210	128	2	226046.3	18157.02	30037.59
1	1	2	450	450	128	2	131926.12	12038.54	22199.91
1	1	2	450	690	128	2	105036.94	10290.27	20008.52
1	1	2	450	930	128	2	78430.47	8441.98	17862.34
1	1	2	450	1170	128	2	68262.85	7741.64	17768.73
1	1	2	450	1410	128	2	67631.3	7646.94	22740.86
1	1	2	690	210	128	2	226438.91	18282.89	30086.66
1	1	2	690	450	128	2	132096.89	12090.73	22188.42
1	1	2	690	690	128	2	105223.4	10308.3	20044.03
1	1	2	690	930	128	2	78140.68	8448.2	17829.02
1	1	2	690	1170	128	2	68100.29	7714.01	17713.43
1	1	2	690	1410	128	2	67700.74	7693.99	22734.94
1	1	2	930	210	128	2	225977.87	18527.74	30198.95
1	1	2	930	450	128	2	131848.04	12209.8	22264.83
1	1	2	930	690	128	2	105052.77	10341.55	20109.34
1	1	2	930	930	128	2	77966.29	8440.12	17920.6
1	1	2	930	1170	128	2	68231.1	7745.37	17851.03
1	1	2	930	1410	128	2	67503.08	7668.76	23061.9
1	1	2	1170	210	128	2	225836.9	19674.03	30266.12
1	1	2	1170	450	128	2	132108.48	12927.3	22549.26
1	1	2	1170	690	128	2	104942.91	11007.49	20272.15
1	1	2	1170	930	128	2	78189.08	8993.11	17865.28
1	1	2	1170	1170	128	2	68090.75	8136.93	17939.7
1	1	2	1170	1410	128	2	67399.57	8100.12	23117.1
1	1	2	1410	210	128	2	225670.32	23490.14	30277.66
1	1	2	1410	450	128	2	131723.68	15594.67	22375.88
1	1	2	1410	690	128	2	104940.95	13299.71	20151.77
1	1	2	1410	930	128	2	78097.75	10878.24	17820.3
1	1	2	1410	1170	128	2	68058.35	10048.69	17970.8
1	1	2	1410	1410	128	2	67368.08	10047.58	23138.34
1	1	2	210	210	128	4	205508.52	17545.04	28774.75
1	1	2	210	450	128	4	123889.82	11931.68	21959.23
1	1	2	210	690	128	4	104920.97	10619.32	20401.58
1	1	2	210	930	128	4	91511.82	9710.29	19305.7
1	1	2	210	1170	128	4	91394.63	9698.3	20093.14
1	1	2	210	1410	128	4	91449.55	9680.91	25483.66
1	1	2	450	210	128	4	205101.77	17348.47	28594.68
1	1	2	450	450	128	4	123607.76	11758.84	21771.76
1	1	2	450	690	128	4	105064.59	10440.29	20321.47
1	1	2	450	930	128	4	80291.63	8706.06	18194.0
1	1	2	450	1170	128	4	70018.03	8010.3	18215.94
1	1	2	450	1410	128	4	68659.45	7925.08	23311.15
1	1	2	690	210	128	4	206929.23	17589.48	28859.7
1	1	2	690	450	128	4	123517.96	11739.16	21619.2
1	1	2	690	690	128	4	105007.59	10397.67	20257.7
1	1	2	690	930	128	4	80232.39	8700.06	18089.43
1	1	2	690	1170	128	4	69901.08	8000.72	18199.52
1	1	2	690	1410	128	4	68562.97	7931.61	23308.04
1	1	2	930	210	128	4	204976.16	17700.25	28661.6
1	1	2	930	450	128	4	124525.38	11996.7	21994.49
1	1	2	930	690	128	4	105047.31	10547.45	20321.45
1	1	2	930	930	128	4	80157.22	8762.82	18264.88
1	1	2	930	1170	128	4	69854.47	8005.07	18206.66
1	1	2	930	1410	128	4	68478.76	7911.65	23299.01
1	1	2	1170	210	128	4	205180.67	18716.36	28720.78
1	1	2	1170	450	128	4	124669.54	12605.85	21855.2
1	1	2	1170	690	128	4	104954.09	11162.94	20278.66
1	1	2	1170	930	128	4	80113.64	9243.3	18106.49
1	1	2	1170	1170	128	4	69780.09	8488.71	18249.57
1	1	2	1170	1410	128	4	68576.96	8366.79	23350.13
1	1	2	1410	210	128	4	205005.99	22398.97	28721.8
1	1	2	1410	450	128	4	124071.13	15203.93	21775.33
1	1	2	1410	690	128	4	104971.48	13511.97	20313.31
1	1	2	1410	930	128	4	80082.01	11314.09	18102.81
1	1	2	1410	1170	128	4	69830.99	10404.73	18259.91
1	1	2	1410	1410	128	4	68381.55	10210.75	23403.18
1	1	2	210	210	128	8	207742.82	17794.63	29356.09
1	1	2	210	450	128	8	125770.8	12070.43	22119.77
1	1	2	210	690	128	8	106058.6	10677.91	20459.81
1	1	2	210	930	128	8	98685.45	10143.79	19834.31
1	1	2	210	1170	128	8	98673.01	10135.38	20950.3
1	1	2	210	1410	128	8	98696.95	10199.19	26480.82
1	1	2	450	210	128	8	206824.87	17575.73	29119.88
1	1	2	450	450	128	8	125111.4	11911.96	22099.3
1	1	2	450	690	128	8	106238.17	10542.93	20544.59
1	1	2	450	930	128	8	81157.54	8796.55	18415.65
1	1	2	450	1170	128	8	71308.33	8143.84	18426.08
1	1	2	450	1410	128	8	69974.44	8069.45	23351.64
1	1	2	690	210	128	8	206663.24	17613.6	29121.55
1	1	2	690	450	128	8	125041.67	11876.48	21947.45
1	1	2	690	690	128	8	105787.91	10557.09	20479.69
1	1	2	690	930	128	8	80925.43	8781.12	18300.66
1	1	2	690	1170	128	8	71489.66	8138.25	18498.52
1	1	2	690	1410	128	8	70270.91	8032.54	23609.82
1	1	2	930	210	128	8	206550.18	17812.6	29037.54
1	1	2	930	450	128	8	125963.38	12092.66	22237.23
1	1	2	930	690	128	8	105690.86	10574.14	20437.51
1	1	2	930	930	128	8	81286.52	8909.98	18363.53
1	1	2	930	1170	128	8	71432.54	8178.15	18569.41
1	1	2	930	1410	128	8	69851.62	8057.75	23516.18
1	1	2	1170	210	128	8	206532.21	18866.62	29084.41
1	1	2	1170	450	128	8	125801.67	12807.7	22108.61
1	1	2	1170	690	128	8	105653.34	11282.41	20323.45
1	1	2	1170	930	128	8	81222.17	9448.98	18346.97
1	1	2	1170	1170	128	8	71369.9	8667.37	18597.23
1	1	2	1170	1410	128	8	69940.99	8553.45	23466.88
1	1	2	1410	210	128	8	206499.38	22560.63	29138.81
1	1	2	1410	450	128	8	126140.07	15421.37	22160.79
1	1	2	1410	690	128	8	105972.64	13616.88	20422.03
1	1	2	1410	930	128	8	81475.11	11497.02	18469.21
1	1	2	1410	1170	128	8	71478.86	10555.13	18528.91
1	1	2	1410	1410	128	8	70069.52	10418.94	23711.25
1	1	2	210	210	128	16	209036.86	17873.06	29555.05
1	1	2	210	450	128	16	128529.02	12349.39	22672.61
1	1	2	210	690	128	16	108574.06	11010.87	21087.35
1	1	2	210	930	128	16	103023.73	10597.98	20583.04
1	1	2	210	1170	128	16	103040.68	10627.03	21697.23
1	1	2	210	1410	128	16	103031.23	10692.34	27602.99
1	1	2	450	210	128	16	209780.4	17798.69	29643.54
1	1	2	450	450	128	16	128565.45	12258.31	22663.72
1	1	2	450	690	128	16	107512.46	10797.7	20801.37
1	1	2	450	930	128	16	83068.31	9088.48	19025.66
1	1	2	450	1170	128	16	74234.94	8452.22	19195.56
1	1	2	450	1410	128	16	72749.03	8336.05	24403.33
1	1	2	690	210	128	16	210024.13	17965.33	29693.73
1	1	2	690	450	128	16	128201.71	12287.66	22657.23
1	1	2	690	690	128	16	107940.93	10876.98	21057.97
1	1	2	690	930	128	16	83253.45	9088.88	19006.12
1	1	2	690	1170	128	16	74064.28	8422.65	19205.14
1	1	2	690	1410	128	16	72714.68	8401.17	24484.48
1	1	2	930	210	128	16	209277.83	18126.42	29556.33
1	1	2	930	450	128	16	128182.57	12339.01	22641.45
1	1	2	930	690	128	16	108120.75	10881.05	21000.43
1	1	2	930	930	128	16	83116.75	9105.91	18972.24
1	1	2	930	1170	128	16	74028.95	8543.29	19269.89
1	1	2	930	1410	128	16	72731.86	8429.73	24662.2
1	1	2	1170	210	128	16	209165.79	19085.95	29609.23
1	1	2	1170	450	128	16	128000.43	13075.09	22598.41
1	1	2	1170	690	128	16	107961.46	11598.79	20977.94
1	1	2	1170	930	128	16	82940.66	9783.96	19062.15
1	1	2	1170	1170	128	16	74031.71	8991.8	19097.95
1	1	2	1170	1410	128	16	72698.79	8948.98	24765.98
1	1	2	1410	210	128	16	208965.26	22937.55	29600.14
1	1	2	1410	450	128	16	127816.18	15685.52	22467.6
1	1	2	1410	690	128	16	107890.28	14066.12	20933.62
1	1	2	1410	930	128	16	82887.59	11757.43	18980.11
1	1	2	1410	1170	128	16	73886.95	11539.36	19843.66
1	1	2	1410	1410	128	16	72578.57	10858.23	24710.92
1	1	2	210	210	128	32	213973.24	18468.08	30514.84
1	1	2	210	450	128	32	133802.26	13002.82	23562.73
1	1	2	210	690	128	32	112299.04	11599.6	21939.51
1	1	2	210	930	128	32	105070.7	11019.83	21361.52
1	1	2	210	1170	128	32	104787.81	11105.07	22620.69
1	1	2	210	1410	128	32	104541.41	11006.35	29036.73
1	1	2	450	210	128	32	216942.32	18534.37	30893.32
1	1	2	450	450	128	32	134606.11	12898.73	23755.19
1	1	2	450	690	128	32	112756.86	11427.12	22012.41
1	1	2	450	930	128	32	87109.97	9675.3	19974.88
1	1	2	450	1170	128	32	78491.71	9070.2	20310.36
1	1	2	450	1410	128	32	77135.53	8960.44	26220.84
1	1	2	690	210	128	32	215988.59	18591.45	30849.57
1	1	2	690	450	128	32	134143.2	12916.41	23832.93
1	1	2	690	690	128	32	112180.3	11403.42	22011.05
1	1	2	690	930	128	32	87148.96	9650.68	20020.46
1	1	2	690	1170	128	32	78552.44	9056.99	20335.18
1	1	2	690	1410	128	32	77158.47	8993.09	26053.55
1	1	2	930	210	128	32	215919.87	18958.94	30766.27
1	1	2	930	450	128	32	133523.42	13045.66	23695.21
1	1	2	930	690	128	32	112423.22	11483.97	22017.73
1	1	2	930	930	128	32	87045.41	9674.05	19998.04
1	1	2	930	1170	128	32	78478.55	9103.77	20470.79
1	1	2	930	1410	128	32	77017.19	8961.05	26146.26
1	1	2	1170	210	128	32	216162.31	19996.12	30740.34
1	1	2	1170	450	128	32	134291.09	13777.61	23777.93
1	1	2	1170	690	128	32	112585.21	12173.45	22184.95
1	1	2	1170	930	128	32	87172.28	10276.55	19934.23
1	1	2	1170	1170	128	32	78465.77	9636.77	20416.35
1	1	2	1170	1410	128	32	77180.32	9593.7	26250.28
1	1	2	1410	210	128	32	213971.62	23656.06	30409.77
1	1	2	1410	450	128	32	133644.23	16556.82	23634.67
1	1	2	1410	690	128	32	112458.53	14782.74	22227.63
1	1	2	1410	930	128	32	87039.55	12612.51	20056.45
1	1	2	1410	1170	128	32	78434.84	11802.05	20512.56
1	1	2	1410	1410	128	32	77078.49	11683.71	26269.4
1	1	2	210	210	128	64	201482.86	17975.56	29440.67
1	1	2	210	450	128	64	132135.89	13285.77	23398.8
1	1	2	210	690	128	64	125071.24	12782.66	22957.29
1	1	2	210	930	128	64	123709.34	12754.36	23193.39
1	1	2	210	1170	128	64	124086.2	12863.09	24658.56
1	1	2	210	1410	128	64	124232.94	12843.89	31225.41
1	1	2	450	210	128	64	202476.9	17909.45	29566.89
1	1	2	450	450	128	64	132134.37	13103.99	23455.44
1	1	2	450	690	128	64	115041.87	11927.35	22282.54
1	1	2	450	930	128	64	93172.68	10582.34	21077.53
1	1	2	450	1170	128	64	82352.08	9790.04	21031.99
1	1	2	450	1410	128	64	80631.58	9721.11	27224.21
1	1	2	690	210	128	64	202716.1	18111.72	29511.28
1	1	2	690	450	128	64	132638.19	13191.86	23475.59
1	1	2	690	690	128	64	115706.98	12041.89	22381.27
1	1	2	690	930	128	64	93473.89	10541.84	20802.44
1	1	2	690	1170	128	64	82746.98	9786.88	21195.94
1	1	2	690	1410	128	64	80984.52	9674.48	27009.89
1	1	2	930	210	128	64	202242.82	18204.3	29505.7
1	1	2	930	450	128	64	132115.91	13294.82	23342.27
1	1	2	930	690	128	64	115381.86	12148.41	22289.77
1	1	2	930	930	128	64	93155.74	10631.88	20721.55
1	1	2	930	1170	128	64	82023.65	9775.82	21118.62
1	1	2	930	1410	128	64	80548.4	9665.29	27055.96
1	1	2	1170	210	128	64	202402.56	19276.03	29425.95
1	1	2	1170	450	128	64	132405.96	14058.23	23541.72
1	1	2	1170	690	128	64	114495.98	12781.4	22341.69
1	1	2	1170	930	128	64	92667.42	11255.75	20816.0
1	1	2	1170	1170	128	64	82127.31	10439.23	21137.77
1	1	2	1170	1410	128	64	81143.81	10401.42	27241.24
1	1	2	1410	210	128	64	201246.17	23085.9	29216.69
1	1	2	1410	450	128	64	132439.47	17178.96	23679.8
1	1	2	1410	690	128	64	115038.42	15650.59	22472.79
1	1	2	1410	930	128	64	92624.87	13737.62	20796.44
1	1	2	1410	1170	128	64	82055.46	12855.57	20961.9
1	1	2	1410	1410	128	64	80768.66	12637.51	27078.86
1	1	2	210	210	128	128	402028.35	35935.3	58550.07
1	1	2	210	450	128	128	263939.65	26637.85	47112.11
1	1	2	210	690	128	128	250473.84	25666.86	46275.37
1	1	2	210	930	128	128	246223.82	25638.85	46852.56
1	1	2	210	1170	128	128	246223.82	25662.11	49362.16
1	1	2	210	1410	128	128	243291.46	25354.45	62162.76
1	1	2	450	210	128	128	404869.47	35853.81	58937.88
1	1	2	450	450	128	128	261588.05	26097.6	46721.91
1	1	2	450	690	128	128	228453.25	23900.62	44745.09
1	1	2	450	930	128	128	183115.24	20833.94	41325.3
1	1	2	450	1170	128	128	161470.74	19424.86	42031.62
1	1	2	450	1410	128	128	160872.89	19553.85	54955.77
1	1	2	690	210	128	128	401993.62	35843.73	58567.72
1	1	2	690	450	128	128	264385.63	26332.36	47018.32
1	1	2	690	690	128	128	229918.55	24030.59	44835.62
1	1	2	690	930	128	128	184860.4	20996.03	41830.16
1	1	2	690	1170	128	128	163278.11	19551.4	42217.59
1	1	2	690	1410	128	128	158848.35	19240.62	53750.96
1	1	2	930	210	128	128	403478.71	36351.55	58655.98
1	1	2	930	450	128	128	261263.61	26345.92	46624.88
1	1	2	930	690	128	128	228988.33	24170.65	44738.66
1	1	2	930	930	128	128	183474.03	21062.45	41750.72
1	1	2	930	1170	128	128	162769.59	19581.08	42310.95
1	1	2	930	1410	128	128	157451.99	19130.3	53712.74
1	1	2	1170	210	128	128	401264.98	38242.2	58309.86
1	1	2	1170	450	128	128	263464.08	28088.59	46973.91
1	1	2	1170	690	128	128	229034.17	25616.97	44796.98
1	1	2	1170	930	128	128	185032.08	22483.81	41961.76
1	1	2	1170	1170	128	128	163930.48	20913.32	42615.95
1	1	2	1170	1410	128	128	161233.4	20713.17	54884.13
1	1	2	1410	210	128	128	403467.56	46345.18	58984.62
1	1	2	1410	450	128	128	261069.36	33994.33	46909.81
1	1	2	1410	690	128	128	229353.99	31364.2	45058.19
1	1	2	1410	930	128	128	184365.62	27599.51	41775.22
1	1	2	1410	1170	128	128	163964.32	25818.52	42744.54
1	1	2	1410	1410	128	128	159799.85	25503.08	54575.99
1	1	2	210	210	128	256	795627.65	71278.32	115729.4
1	1	2	210	450	128	256	521137.15	52843.99	92980.67
1	1	2	210	690	128	256	489943.46	50611.96	90842.59
1	1	2	210	930	128	256	485330.01	50517.09	91829.95
1	1	2	210	1170	128	256	483077.48	50435.84	96890.24
1	1	2	210	1410	128	256	481624.57	50296.06	123200.47
1	1	2	450	210	128	256	803698.87	71019.92	115962.45
1	1	2	450	450	128	256	518817.47	51812.03	92137.39
1	1	2	450	690	128	256	451644.76	47337.23	87843.81
1	1	2	450	930	128	256	355778.37	40748.13	80093.61
1	1	2	450	1170	128	256	319519.58	38595.95	83888.67
1	1	2	450	1410	128	256	311426.46	38099.28	107768.97
1	1	2	690	210	128	256	801946.38	71374.37	116262.55
1	1	2	690	450	128	256	520109.93	52047.93	92856.86
1	1	2	690	690	128	256	450120.3	47240.66	88023.71
1	1	2	690	930	128	256	357355.97	40854.3	80421.38
1	1	2	690	1170	128	256	313442.61	37788.1	81865.27
1	1	2	690	1410	128	256	312931.33	38055.45	107099.8
1	1	2	930	210	128	256	799487.58	72218.33	115617.73
1	1	2	930	450	128	256	519416.06	52631.13	92419.8
1	1	2	930	690	128	256	451997.41	47709.57	87719.55
1	1	2	930	930	128	256	357470.32	41098.53	80596.16
1	1	2	930	1170	128	256	316743.92	38369.12	83010.49
1	1	2	930	1410	128	256	311356.51	37951.89	106673.27
1	1	2	1170	210	128	256	799069.04	76497.35	116225.85
1	1	2	1170	450	128	256	519365.11	55777.79	92785.85
1	1	2	1170	690	128	256	445736.8	50114.49	87227.27
1	1	2	1170	930	128	256	360386.29	43980.73	81510.03
1	1	2	1170	1170	128	256	317803.77	40881.07	83364.02
1	1	2	1170	1410	128	256	312497.63	40516.37	107358.13
1	1	2	1410	210	128	256	798819.8	92042.69	116290.97
1	1	2	1410	450	128	256	514383.16	66946.93	91937.63
1	1	2	1410	690	128	256	451488.67	61989.64	88400.2
1	1	2	1410	930	128	256	363016.32	54405.88	82416.12
1	1	2	1410	1170	128	256	320172.75	50357.31	84486.04
1	1	2	1410	1410	128	256	308530.19	48268.75	106816.84
1	1	2	210	210	512	1	158279.58	12612.82	19314.15
1	1	2	210	450	512	1	111807.86	9353.84	14936.73
1	1	2	210	690	512	1	98436.32	8504.94	13860.3
1	1	2	210	930	512	1	84994.24	7595.54	12801.67
1	1	2	210	1170	512	1	79219.17	7111.02	12818.93
1	1	2	210	1410	512	1	78210.67	7111.08	16050.25
1	1	2	450	210	512	1	139857.81	11458.79	17577.48
1	1	2	450	450	512	1	93537.95	8120.86	13380.55
1	1	2	450	690	512	1	80167.86	7131.97	12344.12
1	1	2	450	930	512	1	66728.83	6254.38	11272.59
1	1	2	450	1170	512	1	60970.75	5823.41	11360.92
1	1	2	450	1410	512	1	60006.04	5741.07	14071.61
1	1	2	690	210	512	1	134363.16	10896.61	16942.99
1	1	2	690	450	512	1	87750.75	7778.74	12959.34
1	1	2	690	690	512	1	74231.38	6810.8	11890.84
1	1	2	690	930	512	1	60870.02	5870.66	10723.27
1	1	2	690	1170	512	1	55126.5	5442.3	10806.09
1	1	2	690	1410	512	1	54196.26	5399.27	13460.02
1	1	2	930	210	512	1	129401.89	10684.86	16462.62
1	1	2	930	450	512	1	82024.92	7389.33	12563.22
1	1	2	930	690	512	1	69274.79	6471.42	11369.77
1	1	2	930	930	512	1	55875.52	5526.45	10344.35
1	1	2	930	1170	512	1	50129.56	5086.8	10319.18
1	1	2	930	1410	512	1	49502.07	5075.7	12999.05
1	1	2	1170	210	512	1	128059.55	10811.36	16369.16
1	1	2	1170	450	512	1	80536.5	7607.09	12496.02
1	1	2	1170	690	512	1	67024.5	6557.87	11156.48
1	1	2	1170	930	512	1	54261.2	5667.34	10192.02
1	1	2	1170	1170	512	1	48549.15	5260.22	10164.99
1	1	2	1170	1410	512	1	48124.95	5264.98	12806.35
1	1	2	1410	210	512	1	127270.12	12943.08	16308.55
1	1	2	1410	450	512	1	79779.99	9049.39	12297.5
1	1	2	1410	690	512	1	66260.17	7821.12	11090.33
1	1	2	1410	930	512	1	53480.91	6762.52	10116.45
1	1	2	1410	1170	512	1	47715.83	6227.2	9994.5
1	1	2	1410	1410	512	1	47424.21	6325.1	12914.99
1	1	2	210	210	512	2	226804.64	18442.61	30341.86
1	1	2	210	450	512	2	133587.79	12348.52	22367.65
1	1	2	210	690	512	2	107011.16	10643.17	20287.9
1	1	2	210	930	512	2	90027.89	9491.17	18834.27
1	1	2	210	1170	512	2	89909.91	9467.23	19739.66
1	1	2	210	1410	512	2	92792.19	9572.51	25340.71
1	1	2	450	210	512	2	226956.84	18212.88	30170.91
1	1	2	450	450	512	2	133305.74	12164.34	22472.36
1	1	2	450	690	512	2	111729.96	10717.46	20701.83
1	1	2	450	930	512	2	79226.51	8512.62	17791.62
1	1	2	450	1170	512	2	69266.81	7828.55	17931.06
1	1	2	450	1410	512	2	68570.45	7841.82	22740.19
1	1	2	690	210	512	2	226601.68	18343.04	30231.95
1	1	2	690	450	512	2	132833.93	12172.83	22425.86
1	1	2	690	690	512	2	106076.08	10452.63	20175.37
1	1	2	690	930	512	2	79057.29	8533.3	17923.27
1	1	2	690	1170	512	2	69297.95	7873.27	18059.37
1	1	2	690	1410	512	2	68636.68	7778.08	22939.13
1	1	2	930	210	512	2	226490.94	18676.15	30260.07
1	1	2	930	450	512	2	132675.79	12330.49	22473.88
1	1	2	930	690	512	2	105934.11	10482.62	20144.98
1	1	2	930	930	512	2	79092.58	8582.98	17891.73
1	1	2	930	1170	512	2	69020.32	7829.66	17924.98
1	1	2	930	1410	512	2	68281.12	7785.02	23069.62
1	1	2	1170	210	512	2	226373.22	19747.65	30340.21
1	1	2	1170	450	512	2	132478.17	13007.08	22444.32
1	1	2	1170	690	512	2	105722.67	11095.26	20157.47
1	1	2	1170	930	512	2	78980.6	9071.01	17816.54
1	1	2	1170	1170	512	2	68946.46	8262.36	18004.18
1	1	2	1170	1410	512	2	68220.13	8216.13	23022.34
1	1	2	1410	210	512	2	226234.53	23608.63	30410.42
1	1	2	1410	450	512	2	132444.41	15621.55	22329.75
1	1	2	1410	690	512	2	105793.61	13399.55	20158.53
1	1	2	1410	930	512	2	78926.43	10961.92	17947.93
1	1	2	1410	1170	512	2	68834.11	10141.47	17985.22
1	1	2	1410	1410	512	2	68174.77	10154.27	23222.62
1	1	2	210	210	512	4	207358.42	17739.59	28982.76
1	1	2	210	450	512	4	126377.55	12091.16	22010.01
1	1	2	210	690	512	4	107066.5	10767.76	20507.34
1	1	2	210	930	512	4	94997.61	9990.21	19466.67
1	1	2	210	1170	512	4	94912.86	9953.27	20569.34
1	1	2	210	1410	512	4	94971.29	9961.95	25996.34
1	1	2	450	210	512	4	206842.54	17535.52	28723.46
1	1	2	450	450	512	4	125688.85	11880.73	21808.52
1	1	2	450	690	512	4	107249.15	10590.83	20443.52
1	1	2	450	930	512	4	82117.47	8929.7	18274.69
1	1	2	450	1170	512	4	72106.3	8229.17	18599.32
1	1	2	450	1410	512	4	70769.72	8111.03	23504.96
1	1	2	690	210	512	4	206735.62	17682.73	28911.27
1	1	2	690	450	512	4	125501.46	11936.38	21913.46
1	1	2	690	690	512	4	106791.19	10602.61	20438.84
1	1	2	690	930	512	4	82327.4	8896.41	18451.48
1	1	2	690	1170	512	4	71866.11	8137.57	18456.63
1	1	2	690	1410	512	4	70483.72	8101.52	23390.53
1	1	2	930	210	512	4	206649.73	17931.05	28828.7
1	1	2	930	450	512	4	126610.2	12140.38	21936.48
1	1	2	930	690	512	4	106666.06	10712.83	20380.77
1	1	2	930	930	512	4	82067.13	8935.4	18372.17
1	1	2	930	1170	512	4	72055.77	8286.66	18534.09
1	1	2	930	1410	512	4	70715.17	8139.17	23697.39
1	1	2	1170	210	512	4	208914.7	19056.13	29178.84
1	1	2	1170	450	512	4	126360.78	12836.53	21931.2
1	1	2	1170	690	512	4	106543.84	11258.39	20375.16
1	1	2	1170	930	512	4	81968.12	9438.78	18430.46
1	1	2	1170	1170	512	4	71942.66	8749.23	18659.97
1	1	2	1170	1410	512	4	70693.18	8692.22	23789.84
1	1	2	1410	210	512	4	208859.86	22711.37	29125.85
1	1	2	1410	450	512	4	126262.22	15437.78	22153.24
1	1	2	1410	690	512	4	106505.11	13711.55	20485.7
1	1	2	1410	930	512	4	82034.14	11560.16	18348.11
1	1	2	1410	1170	512	4	71949.05	10680.3	18571.62
1	1	2	1410	1410	512	4	70641.1	10533.56	23761.05
1	1	2	210	210	512	8	210324.15	17909.8	29650.32
1	1	2	210	450	512	8	129973.18	12519.95	22627.38
1	1	2	210	690	512	8	109950.61	11084.53	21041.7
1	1	2	210	930	512	8	104173.57	10633.83	20507.43
1	1	2	210	1170	512	8	104481.53	10696.69	21627.79
1	1	2	210	1410	512	8	104469.88	10703.78	27263.73
1	1	2	450	210	512	8	211833.41	18018.77	29606.68
1	1	2	450	450	512	8	129883.39	12323.97	22656.8
1	1	2	450	690	512	8	110122.47	10949.51	21036.15
1	1	2	450	930	512	8	84862.32	9229.05	18854.19
1	1	2	450	1170	512	8	75243.14	8617.1	19177.75
1	1	2	450	1410	512	8	73888.86	8460.43	24391.3
1	1	2	690	210	512	8	210849.83	18075.29	29671.14
1	1	2	690	450	512	8	129341.3	12361.12	22469.13
1	1	2	690	690	512	8	109573.63	10919.03	20880.34
1	1	2	690	930	512	8	84933.75	9227.38	18868.64
1	1	2	690	1170	512	8	75313.27	8593.86	19304.33
1	1	2	690	1410	512	8	73863.33	8438.59	24628.62
1	1	2	930	210	512	8	210756.48	18318.1	29651.14
1	1	2	930	450	512	8	129990.75	12574.83	22856.96
1	1	2	930	690	512	8	109791.75	11102.95	21076.07
1	1	2	930	930	512	8	85240.03	9352.4	19003.59
1	1	2	930	1170	512	8	75303.95	8622.97	19358.03
1	1	2	930	1410	512	8	74017.59	8504.71	24708.94
1	1	2	1170	210	512	8	210725.39	19260.38	29739.38
1	1	2	1170	450	512	8	129765.59	13286.57	22825.02
1	1	2	1170	690	512	8	109732.79	11691.6	21082.27
1	1	2	1170	930	512	8	84794.59	9830.16	19033.34
1	1	2	1170	1170	512	8	75027.1	9123.59	19311.17
1	1	2	1170	1410	512	8	73716.47	9027.74	24367.83
1	1	2	1410	210	512	8	210796.45	23089.95	29809.19
1	1	2	1410	450	512	8	129672.75	15928.95	22799.24
1	1	2	1410	690	512	8	109753.97	14197.8	21199.48
1	1	2	1410	930	512	8	84813.35	12057.43	18970.72
1	1	2	1410	1170	512	8	75009.14	11143.42	19214.55
1	1	2	1410	1410	512	8	73623.69	10914.77	24590.85
1	1	2	210	210	512	16	216998.0	18654.68	30630.46
1	1	2	210	450	512	16	136101.74	13159.84	23665.12
1	1	2	210	690	512	16	115259.76	11740.72	22023.48
1	1	2	210	930	512	16	114219.55	11626.26	22059.02
1	1	2	210	1170	512	16	114513.1	11636.27	23246.92
1	1	2	210	1410	512	16	114242.57	11720.06	29422.53
1	1	2	450	210	512	16	216867.41	18557.43	30508.47
1	1	2	450	450	512	16	136005.27	13067.39	23767.43
1	1	2	450	690	512	16	115394.41	11587.8	22125.02
1	1	2	450	930	512	16	90541.22	9897.62	20107.48
1	1	2	450	1170	512	16	81020.17	9228.28	20456.75
1	1	2	450	1410	512	16	80061.35	9230.21	26087.57
1	1	2	690	210	512	16	218159.58	18674.87	30734.64
1	1	2	690	450	512	16	136063.23	13021.41	23795.95
1	1	2	690	690	512	16	115338.3	11604.03	22081.53
1	1	2	690	930	512	16	90171.3	9836.05	20197.63
1	1	2	690	1170	512	16	81148.76	9219.66	20640.78
1	1	2	690	1410	512	16	80040.22	9199.16	26211.78
1	1	2	930	210	512	16	217064.46	18855.74	30541.06
1	1	2	930	450	512	16	135747.21	13182.56	23742.53
1	1	2	930	690	512	16	115286.37	11702.98	22126.17
1	1	2	930	930	512	16	90434.38	10044.45	20203.71
1	1	2	930	1170	512	16	81147.79	9392.91	20634.73
1	1	2	930	1410	512	16	79989.98	9265.55	26242.34
1	1	2	1170	210	512	16	217749.58	19978.24	30608.35
1	1	2	1170	450	512	16	136017.5	13938.03	23760.77
1	1	2	1170	690	512	16	115126.56	12427.66	22075.08
1	1	2	1170	930	512	16	90077.54	10505.95	20106.21
1	1	2	1170	1170	512	16	81194.33	9897.08	20788.14
1	1	2	1170	1410	512	16	79855.85	9858.3	26444.9
1	1	2	1410	210	512	16	217617.56	23999.16	30635.72
1	1	2	1410	450	512	16	135951.38	16909.27	23755.02
1	1	2	1410	690	512	16	115006.43	15061.52	22224.84
1	1	2	1410	930	512	16	90526.48	12799.61	20349.47
1	1	2	1410	1170	512	16	81121.17	12132.98	20662.61
1	1	2	1410	1410	512	16	79810.61	11980.03	26567.02
1	1	2	210	210	512	32	231189.47	20086.83	32705.26
1	1	2	210	450	512	32	148833.23	14511.86	25669.62
1	1	2	210	690	512	32	126235.27	13061.61	23925.7
1	1	2	210	930	512	32	126234.32	13085.2	24153.15
1	1	2	210	1170	512	32	126130.64	13045.86	25532.91
1	1	2	210	1410	512	32	125685.81	13035.74	32302.25
1	1	2	450	210	512	32	231220.48	19901.55	32656.66
1	1	2	450	450	512	32	149047.73	14384.44	25677.8
1	1	2	450	690	512	32	126275.75	12854.2	23904.78
1	1	2	450	930	512	32	101342.48	11206.62	22187.02
1	1	2	450	1170	512	32	93045.34	10727.39	23071.99
1	1	2	450	1410	512	32	91889.74	10622.66	29630.49
1	1	2	690	210	512	32	230163.76	19932.66	32437.45
1	1	2	690	450	512	32	148558.29	14373.68	25834.63
1	1	2	690	690	512	32	126270.18	12912.47	24307.86
1	1	2	690	930	512	32	101740.09	11294.85	22619.18
1	1	2	690	1170	512	32	92555.83	10604.57	23137.63
1	1	2	690	1410	512	32	91354.27	10556.77	29773.45
1	1	2	930	210	512	32	230399.15	20350.47	32536.32
1	1	2	930	450	512	32	148992.33	14648.81	25945.95
1	1	2	930	690	512	32	126290.41	12983.98	24365.57
1	1	2	930	930	512	32	101188.53	11339.48	22488.7
1	1	2	930	1170	512	32	92799.34	10788.39	23431.62
1	1	2	930	1410	512	32	91591.88	10680.51	30218.93
1	1	2	1170	210	512	32	230545.19	21549.32	32703.59
1	1	2	1170	450	512	32	148519.66	15501.75	25827.38
1	1	2	1170	690	512	32	126397.14	13811.05	24279.27
1	1	2	1170	930	512	32	101620.19	12020.06	22696.97
1	1	2	1170	1170	512	32	92909.34	11424.19	23616.15
1	1	2	1170	1410	512	32	91487.91	11392.1	30217.13
1	1	2	1410	210	512	32	229900.19	25733.71	32534.7
1	1	2	1410	450	512	32	147828.83	18654.45	25722.92
1	1	2	1410	690	512	32	127005.64	16868.83	24448.98
1	1	2	1410	930	512	32	101358.85	14742.45	22750.95
1	1	2	1410	1170	512	32	92930.05	14065.73	23807.39
1	1	2	1410	1410	512	32	91519.95	13937.84	30516.74
1	1	2	210	210	512	64	228832.42	20734.57	33090.9
1	1	2	210	450	512	64	158538.72	16196.45	27623.86
1	1	2	210	690	512	64	157256.67	16189.85	27973.28
1	1	2	210	930	512	64	157119.39	16306.04	28531.5
1	1	2	210	1170	512	64	157194.97	16235.93	30278.22
1	1	2	210	1410	512	64	157100.87	16236.57	38253.94
1	1	2	450	210	512	64	228851.62	20439.86	33074.16
1	1	2	450	450	512	64	158665.09	15901.41	27772.88
1	1	2	450	690	512	64	141647.42	14883.51	26993.49
1	1	2	450	930	512	64	117072.51	13336.6	25654.71
1	1	2	450	1170	512	64	108841.67	12984.6	27385.03
1	1	2	450	1410	512	64	113260.8	13299.41	35857.13
1	1	2	690	210	512	64	230692.96	20671.9	33358.76
1	1	2	690	450	512	64	159284.01	16008.3	27923.22
1	1	2	690	690	512	64	141556.13	14840.35	27057.8
1	1	2	690	930	512	64	118471.0	13491.48	25996.51
1	1	2	690	1170	512	64	108214.5	12834.05	27103.0
1	1	2	690	1410	512	64	107032.83	12820.19	34896.33
1	1	2	930	210	512	64	228566.73	20765.98	32939.9
1	1	2	930	450	512	64	158687.57	16090.61	27930.55
1	1	2	930	690	512	64	141069.02	14970.12	27097.66
1	1	2	930	930	512	64	118912.67	13632.51	26181.89
1	1	2	930	1170	512	64	108275.22	13019.38	27445.59
1	1	2	930	1410	512	64	106769.95	12901.51	35265.33
1	1	2	1170	210	512	64	228594.82	21941.0	32892.91
1	1	2	1170	450	512	64	160238.06	17163.59	28206.81
1	1	2	1170	690	512	64	141162.97	15882.08	27188.06
1	1	2	1170	930	512	64	118882.25	14425.0	26273.3
1	1	2	1170	1170	512	64	108229.03	13805.22	27537.37
1	1	2	1170	1410	512	64	106652.08	13639.12	35215.66
1	1	2	1410	210	512	64	229887.63	26586.91	33083.09
1	1	2	1410	450	512	64	159407.76	20774.44	28125.45
1	1	2	1410	690	512	64	140827.73	19365.47	27245.55
1	1	2	1410	930	512	64	118106.45	17686.12	26365.64
1	1	2	1410	1170	512	64	107720.1	16951.11	27637.34
1	1	2	1410	1410	512	64	106552.95	16799.05	35441.76
1	1	2	210	210	512	128	439026.9	39908.67	63491.73
1	1	2	210	450	512	128	297791.33	30707.88	52584.23
1	1	2	210	690	512	128	295248.64	30499.38	52976.66
1	1	2	210	930	512	128	291426.97	30481.62	53461.07
1	1	2	210	1170	512	128	292062.44	30503.45	56603.0
1	1	2	210	1410	512	128	294410.18	30648.54	71989.35
1	1	2	450	210	512	128	438168.73	39369.91	63486.73
1	1	2	450	450	512	128	297179.57	30226.97	52912.29
1	1	2	450	690	512	128	263016.04	27987.61	50754.05
1	1	2	450	930	512	128	219135.21	25380.73	48862.34
1	1	2	450	1170	512	128	198595.49	24198.45	51076.12
1	1	2	450	1410	512	128	207417.23	24824.9	66900.38
1	1	2	690	210	512	128	440730.36	39704.61	63913.83
1	1	2	690	450	512	128	297874.54	30172.45	52625.5
1	1	2	690	690	512	128	262804.6	27922.66	50639.83
1	1	2	690	930	512	128	218154.02	25223.79	48545.49
1	1	2	690	1170	512	128	197202.58	24011.94	50874.43
1	1	2	690	1410	512	128	193729.25	23770.97	65439.44
1	1	2	930	210	512	128	437885.18	40080.86	63460.8
1	1	2	930	450	512	128	297681.3	30521.16	52865.09
1	1	2	930	690	512	128	262546.14	28242.66	50859.26
1	1	2	930	930	512	128	217983.52	25424.17	48843.98
1	1	2	930	1170	512	128	197175.18	24123.33	51160.45
1	1	2	930	1410	512	128	194308.2	23927.34	65829.84
1	1	2	1170	210	512	128	438945.44	42431.52	64072.16
1	1	2	1170	450	512	128	297603.54	32303.02	53004.58
1	1	2	1170	690	512	128	263687.05	30050.16	51301.89
1	1	2	1170	930	512	128	216713.11	26798.76	48672.26
1	1	2	1170	1170	512	128	197007.72	25661.78	51308.21
1	1	2	1170	1410	512	128	194299.72	25525.77	66320.22
1	1	2	1410	210	512	128	439171.36	51227.74	64127.3
1	1	2	1410	450	512	128	297795.88	39404.22	53006.13
1	1	2	1410	690	512	128	262530.45	36588.38	51118.91
1	1	2	1410	930	512	128	216987.6	33034.88	48913.59
1	1	2	1410	1170	512	128	197229.34	31629.63	51198.93
1	1	2	1410	1410	512	128	193940.36	31390.48	65869.35
1	1	2	210	210	512	256	847561.46	77293.59	123115.14
1	1	2	210	450	512	256	566456.39	58809.72	101245.19
1	1	2	210	690	512	256	559770.63	58248.15	101281.69
1	1	2	210	930	512	256	555389.94	58252.33	102267.51
1	1	2	210	1170	512	256	553735.49	57898.48	107059.64
1	1	2	210	1410	512	256	551318.93	57670.21	135594.64
1	1	2	450	210	512	256	848043.7	76306.75	123147.55
1	1	2	450	450	512	256	565554.43	57607.73	101763.34
1	1	2	450	690	512	256	501116.01	53395.41	97407.56
1	1	2	450	930	512	256	407553.27	47580.64	92067.38
1	1	2	450	1170	512	256	365848.55	45242.12	95714.39
1	1	2	450	1410	512	256	382093.81	46308.98	127518.1
1	1	2	690	210	512	256	850884.65	76968.85	123657.17
1	1	2	690	450	512	256	563123.11	57506.91	100499.67
1	1	2	690	690	512	256	495659.26	53152.75	96820.59
1	1	2	690	930	512	256	406068.37	47500.73	91969.88
1	1	2	690	1170	512	256	361844.27	44505.8	94042.16
1	1	2	690	1410	512	256	359532.98	44660.87	122830.8
1	1	2	930	210	512	256	848334.84	77711.82	123223.35
1	1	2	930	450	512	256	562965.52	58132.98	100764.19
1	1	2	930	690	512	256	495078.41	53546.41	96777.02
1	1	2	930	930	512	256	405180.48	47695.09	91552.3
1	1	2	930	1170	512	256	366356.2	45299.01	95635.7
1	1	2	930	1410	512	256	358635.82	44786.23	122598.16
1	1	2	1170	210	512	256	848945.17	82480.62	122957.77
1	1	2	1170	450	512	256	565930.51	61825.29	100866.02
1	1	2	1170	690	512	256	496908.34	56980.87	96914.83
1	1	2	1170	930	512	256	408999.7	51007.14	92302.86
1	1	2	1170	1170	512	256	366172.79	47991.38	95509.4
1	1	2	1170	1410	512	256	361066.06	47712.74	123366.32
1	1	2	1410	210	512	256	851711.78	99560.76	123821.35
1	1	2	1410	450	512	256	570179.87	75717.62	101455.69
1	1	2	1410	690	512	256	499957.55	69981.17	97266.87
1	1	2	1410	930	512	256	411502.46	63083.14	92890.57
1	1	2	1410	1170	512	256	368609.85	59734.63	95945.33
1	1	2	1410	1410	512	256	356377.93	58376.3	121774.14
1	1	2	210	210	2048	1	160348.91	12720.85	19320.58
1	1	2	210	450	2048	1	113805.13	9448.23	15000.79
1	1	2	210	690	2048	1	100467.45	8640.19	13962.29
1	1	2	210	930	2048	1	87066.72	7739.27	12808.03
1	1	2	210	1170	2048	1	81382.02	7312.36	12953.34
1	1	2	210	1410	2048	1	80374.38	7194.55	16134.41
1	1	2	450	210	2048	1	141980.32	11535.98	17659.85
1	1	2	450	450	2048	1	95565.99	8261.34	13475.2
1	1	2	450	690	2048	1	84878.19	7480.68	12743.84
1	1	2	450	930	2048	1	68498.66	6352.28	11342.98
1	1	2	450	1170	2048	1	63809.16	6009.3	11500.92
1	1	2	450	1410	2048	1	62434.05	5909.71	14236.49
1	1	2	690	210	2048	1	136558.87	11026.92	16913.57
1	1	2	690	450	2048	1	89651.13	7869.46	13104.1
1	1	2	690	690	2048	1	78986.58	7096.93	12168.62
1	1	2	690	930	2048	1	62207.78	5975.9	10793.79
1	1	2	690	1170	2048	1	57192.92	5591.46	10982.8
1	1	2	690	1410	2048	1	56349.12	5554.64	13653.1
1	1	2	930	210	2048	1	131458.18	10849.47	16453.16
1	1	2	930	450	2048	1	84087.19	7595.64	12716.18
1	1	2	930	690	2048	1	73251.75	6855.04	11761.84
1	1	2	930	930	2048	1	57166.35	5648.45	10331.82
1	1	2	930	1170	2048	1	52278.58	5260.79	10642.32
1	1	2	930	1410	2048	1	51571.02	5183.8	13229.22
1	1	2	1170	210	2048	1	130187.5	10943.05	16344.79
1	1	2	1170	450	2048	1	82765.95	7770.48	12547.66
1	1	2	1170	690	2048	1	71860.17	6926.62	11548.85
1	1	2	1170	930	2048	1	55543.59	5761.43	10333.2
1	1	2	1170	1170	2048	1	50599.66	5437.16	10403.65
1	1	2	1170	1410	2048	1	50172.07	5356.73	12964.62
1	1	2	1410	210	2048	1	129528.77	13042.83	16381.79
1	1	2	1410	450	2048	1	81871.69	9183.1	12548.02
1	1	2	1410	690	2048	1	71049.16	8258.91	11575.27
1	1	2	1410	930	2048	1	54665.54	6911.21	10264.71
1	1	2	1410	1170	2048	1	49825.31	6512.12	10198.42
1	1	2	1410	1410	2048	1	49533.98	6466.62	12977.16
1	1	2	210	210	2048	2	229713.43	18650.9	30407.45
1	1	2	210	450	2048	2	136218.32	12625.12	22672.38
1	1	2	210	690	2048	2	115363.64	11227.35	20979.09
1	1	2	210	930	2048	2	93267.84	9733.95	19021.23
1	1	2	210	1170	2048	2	93078.33	9710.61	19930.5
1	1	2	210	1410	2048	2	92875.28	9707.99	25356.93
1	1	2	450	210	2048	2	229532.0	18481.9	30349.33
1	1	2	450	450	2048	2	135984.65	12363.53	22433.05
1	1	2	450	690	2048	2	109106.15	10614.85	20311.85
1	1	2	450	930	2048	2	82293.37	8801.05	18009.66
1	1	2	450	1170	2048	2	72321.66	8079.34	18127.45
1	1	2	450	1410	2048	2	71899.07	8164.92	22994.05
1	1	2	690	210	2048	2	229414.98	18548.44	30317.68
1	1	2	690	450	2048	2	135915.59	12406.41	22610.65
1	1	2	690	690	2048	2	114030.39	11156.29	21117.71
1	1	2	690	930	2048	2	82232.18	8710.86	18063.72
1	1	2	690	1170	2048	2	72272.27	8064.87	18191.09
1	1	2	690	1410	2048	2	71373.66	8032.69	22965.06
1	1	2	930	210	2048	2	228914.98	18849.04	30267.78
1	1	2	930	450	2048	2	135290.19	12505.79	22495.01
1	1	2	930	690	2048	2	114178.95	11052.48	20768.25
1	1	2	930	930	2048	2	81486.63	8710.84	18022.63
1	1	2	930	1170	2048	2	71796.23	8112.45	18174.05
1	1	2	930	1410	2048	2	71003.85	8085.17	23007.53
1	1	2	1170	210	2048	2	228758.03	19909.08	30365.15
1	1	2	1170	450	2048	2	134953.87	13185.79	22545.22
1	1	2	1170	690	2048	2	113846.16	11664.18	20820.54
1	1	2	1170	930	2048	2	81581.0	9263.61	18055.55
1	1	2	1170	1170	2048	2	71815.66	8566.67	18085.66
1	1	2	1170	1410	2048	2	71066.54	8471.66	23044.29
1	1	2	1410	210	2048	2	228859.11	23826.97	30302.44
1	1	2	1410	450	2048	2	135039.76	15900.12	22559.77
1	1	2	1410	690	2048	2	113747.14	14117.75	20868.74
1	1	2	1410	930	2048	2	81539.63	11203.95	17925.82
1	1	2	1410	1170	2048	2	71703.47	10462.76	18041.8
1	1	2	1410	1410	2048	2	70881.09	10378.15	23009.53
1	1	2	210	210	2048	4	214773.27	18361.45	29540.38
1	1	2	210	450	2048	4	134516.52	12842.27	22970.98
1	1	2	210	690	2048	4	115118.96	11577.95	21414.63
1	1	2	210	930	2048	4	105122.78	10878.33	20726.34
1	1	2	210	1170	2048	4	104859.38	10824.09	21623.12
1	1	2	210	1410	2048	4	104706.3	10810.56	27463.75
1	1	2	450	210	2048	4	217909.96	18401.6	29914.92
1	1	2	450	450	2048	4	134765.81	12671.9	22921.22
1	1	2	450	690	2048	4	114479.66	11337.66	21374.67
1	1	2	450	930	2048	4	89340.51	9614.23	19349.3
1	1	2	450	1170	2048	4	79431.75	8942.48	19702.08
1	1	2	450	1410	2048	4	77852.51	8847.88	24880.17
1	1	2	690	210	2048	4	214434.1	18297.88	29467.53
1	1	2	690	450	2048	4	133725.41	12735.45	22817.56
1	1	2	690	690	2048	4	114520.93	11374.59	21451.96
1	1	2	690	930	2048	4	89760.75	9657.6	19606.94
1	1	2	690	1170	2048	4	79038.59	8915.2	19714.0
1	1	2	690	1410	2048	4	78094.32	8839.43	24950.2
1	1	2	930	210	2048	4	216598.8	18714.41	29754.52
1	1	2	930	450	2048	4	134382.67	12884.67	23096.27
1	1	2	930	690	2048	4	120111.62	11868.65	22102.14
1	1	2	930	930	2048	4	89140.09	9659.49	19538.55
1	1	2	930	1170	2048	4	79251.11	9013.66	19766.53
1	1	2	930	1410	2048	4	77808.43	8894.66	24925.17
1	1	2	1170	210	2048	4	216588.73	19794.48	29856.82
1	1	2	1170	450	2048	4	133724.39	13581.98	22974.66
1	1	2	1170	690	2048	4	119984.21	12521.43	22104.97
1	1	2	1170	930	2048	4	89609.4	10291.24	19700.16
1	1	2	1170	1170	2048	4	78621.62	9538.65	19663.34
1	1	2	1170	1410	2048	4	77799.22	9398.14	24989.62
1	1	2	1410	210	2048	4	216199.55	23651.08	29817.03
1	1	2	1410	450	2048	4	133584.87	16429.97	23004.72
1	1	2	1410	690	2048	4	114745.8	14823.63	21628.91
1	1	2	1410	930	2048	4	89442.05	12558.5	19595.29
1	1	2	1410	1170	2048	4	79028.55	11711.38	19809.88
1	1	2	1410	1410	2048	4	77675.73	11515.45	25359.42
1	1	2	210	210	2048	8	225701.56	19345.47	31301.33
1	1	2	210	450	2048	8	144646.32	13869.61	24559.0
1	1	2	210	690	2048	8	124202.83	12506.09	22851.49
1	1	2	210	930	2048	8	123156.64	12441.0	22977.79
1	1	2	210	1170	2048	8	123487.83	12492.63	24164.54
1	1	2	210	1410	2048	8	123211.02	12480.81	30438.19
1	1	2	450	210	2048	8	225706.66	19355.96	31229.09
1	1	2	450	450	2048	8	143726.41	13711.2	24551.09
1	1	2	450	690	2048	8	124628.64	12455.74	23153.1
1	1	2	450	930	2048	8	99233.22	10758.14	21282.51
1	1	2	450	1170	2048	8	89539.03	10077.9	21677.8
1	1	2	450	1410	2048	8	88439.12	9999.44	27701.94
1	1	2	690	210	2048	8	225325.41	19356.95	31295.43
1	1	2	690	450	2048	8	143602.15	13793.98	24625.55
1	1	2	690	690	2048	8	123938.19	12423.95	23112.93
1	1	2	690	930	2048	8	99528.46	10741.43	21412.86
1	1	2	690	1170	2048	8	89101.74	10055.76	21857.41
1	1	2	690	1410	2048	8	87963.26	10023.44	27495.53
1	1	2	930	210	2048	8	225532.2	19618.12	31313.61
1	1	2	930	450	2048	8	143884.11	13927.77	24750.85
1	1	2	930	690	2048	8	123687.83	12530.59	23209.7
1	1	2	930	930	2048	8	99355.16	10837.24	21558.88
1	1	2	930	1170	2048	8	89294.4	10136.47	21911.68
1	1	2	930	1410	2048	8	87664.69	10086.24	27877.53
1	1	2	1170	210	2048	8	225609.19	20752.32	31400.98
1	1	2	1170	450	2048	8	143798.54	14791.43	24768.52
1	1	2	1170	690	2048	8	123952.92	13256.6	23223.34
1	1	2	1170	930	2048	8	99004.26	11473.05	21397.29
1	1	2	1170	1170	2048	8	89505.99	10806.88	22127.64
1	1	2	1170	1410	2048	8	87861.52	10685.54	27918.96
1	1	2	1410	210	2048	8	225462.25	24773.64	31337.53
1	1	2	1410	450	2048	8	143579.96	17766.84	24798.09
1	1	2	1410	690	2048	8	124706.81	16148.81	23472.25
1	1	2	1410	930	2048	8	99248.93	14067.59	21582.73
1	1	2	1410	1170	2048	8	89592.96	13230.45	22192.43
1	1	2	1410	1410	2048	8	88141.4	13080.18	28296.67
1	1	2	210	210	2048	16	243203.19	21141.83	33809.16
1	1	2	210	450	2048	16	161254.63	15696.52	27419.38
1	1	2	210	690	2048	16	146570.15	14839.87	26576.57
1	1	2	210	930	2048	16	145176.06	14782.93	26764.37
1	1	2	210	1170	2048	16	145630.41	14826.48	28144.44
1	1	2	210	1410	2048	16	145517.89	14783.89	35551.09
1	1	2	450	210	2048	16	243406.74	21080.86	33784.51
1	1	2	450	450	2048	16	161951.58	15686.4	27770.79
1	1	2	450	690	2048	16	141417.09	14370.7	26467.05
1	1	2	450	930	2048	16	115842.37	12765.16	24903.09
1	1	2	450	1170	2048	16	106889.68	12296.7	26158.29
1	1	2	450	1410	2048	16	105522.42	12234.59	33248.38
1	1	2	690	210	2048	16	243559.52	21124.67	33897.99
1	1	2	690	450	2048	16	162502.68	15803.34	27922.41
1	1	2	690	690	2048	16	141134.81	14406.64	26566.81
1	1	2	690	930	2048	16	115891.93	12820.62	25034.69
1	1	2	690	1170	2048	16	107132.07	12307.7	26281.84
1	1	2	690	1410	2048	16	106113.65	12285.7	33669.31
1	1	2	930	210	2048	16	243248.34	21435.66	33915.66
1	1	2	930	450	2048	16	161474.24	15894.39	27854.98
1	1	2	930	690	2048	16	140986.44	14485.12	26660.4
1	1	2	930	930	2048	16	115821.4	12912.55	25179.61
1	1	2	930	1170	2048	16	106504.54	12428.31	26353.97
1	1	2	930	1410	2048	16	105114.2	12322.79	33731.93
1	1	2	1170	210	2048	16	242924.96	22541.54	33828.84
1	1	2	1170	450	2048	16	162171.15	16892.93	27975.53
1	1	2	1170	690	2048	16	141403.51	15466.58	26708.1
1	1	2	1170	930	2048	16	115665.77	13637.3	25253.33
1	1	2	1170	1170	2048	16	106785.37	13197.09	26735.48
1	1	2	1170	1410	2048	16	105360.68	13096.04	33920.07
1	1	2	1410	210	2048	16	242697.61	27022.05	33901.86
1	1	2	1410	450	2048	16	161866.19	20327.8	28029.7
1	1	2	1410	690	2048	16	141000.03	18699.16	26818.25
1	1	2	1410	930	2048	16	115936.9	16803.0	25509.64
1	1	2	1410	1170	2048	16	106429.13	16076.26	26507.63
1	1	2	1410	1410	2048	16	105157.62	16039.62	33766.4
1	1	2	210	210	2048	32	278358.5	24842.66	38980.27
1	1	2	210	450	2048	32	195778.1	19712.95	33643.75
1	1	2	210	690	2048	32	188151.81	19409.41	33867.9
1	1	2	210	930	2048	32	187519.49	19408.16	34006.05
1	1	2	210	1170	2048	32	187621.67	19365.59	35632.44
1	1	2	210	1410	2048	32	187164.71	19358.26	45276.89
1	1	2	450	210	2048	32	278431.08	24536.02	39154.09
1	1	2	450	450	2048	32	196235.48	19456.71	33984.23
1	1	2	450	690	2048	32	175207.82	18329.82	33378.02
1	1	2	450	930	2048	32	149928.79	17003.44	32864.98
1	1	2	450	1170	2048	32	140014.94	16570.62	34846.52
1	1	2	450	1410	2048	32	138642.0	16644.88	44565.66
1	1	2	690	210	2048	32	279442.01	24769.22	39325.95
1	1	2	690	450	2048	32	196293.35	19529.81	34056.23
1	1	2	690	690	2048	32	175730.73	18369.52	33361.38
1	1	2	690	930	2048	32	149829.52	16992.68	33075.8
1	1	2	690	1170	2048	32	139931.26	16775.85	35979.32
1	1	2	690	1410	2048	32	138671.55	16585.25	45491.07
1	1	2	930	210	2048	32	278410.65	25040.5	39119.05
1	1	2	930	450	2048	32	196014.43	19663.91	33976.89
1	1	2	930	690	2048	32	174657.4	18422.47	33392.03
1	1	2	930	930	2048	32	149178.03	17128.11	33113.11
1	1	2	930	1170	2048	32	139735.85	16688.6	35222.77
1	1	2	930	1410	2048	32	138605.86	16656.53	45758.2
1	1	2	1170	210	2048	32	277736.06	26391.35	39131.92
1	1	2	1170	450	2048	32	195551.63	20840.71	33993.02
1	1	2	1170	690	2048	32	174085.54	19545.41	33434.49
1	1	2	1170	930	2048	32	148881.68	18168.1	33065.62
1	1	2	1170	1170	2048	32	139825.67	17772.06	35449.5
1	1	2	1170	1410	2048	32	138900.51	17731.89	45274.09
1	1	2	1410	210	2048	32	277794.87	31787.62	39173.55
1	1	2	1410	450	2048	32	195617.52	25308.3	34036.5
1	1	2	1410	690	2048	32	174665.41	23915.83	33565.86
1	1	2	1410	930	2048	32	149138.9	22319.6	33127.81
1	1	2	1410	1170	2048	32	140062.51	21987.37	35529.57
1	1	2	1410	1410	2048	32	138308.0	21743.7	45440.49
1	1	2	690	690	2048	64	238696.4	25945.06	45798.62
1	1	2	690	930	2048	64	214100.74	25150.67	47304.91
1	1	2	690	1170	2048	64	204532.55	25131.55	52148.78
1	1	2	690	1410	2048	64	202927.52	25038.23	67595.59
1	1	2	930	690	2048	64	238439.44	26015.45	45917.69
1	1	2	930	930	2048	64	213836.24	25263.22	47996.76
1	1	2	930	1170	2048	64	204248.61	25219.02	52448.08
1	1	2	930	1410	2048	64	202726.16	25160.52	67798.24
1	1	2	1170	690	2048	64	238404.01	27688.11	45906.09
1	1	2	1170	930	2048	64	213702.92	26934.66	47638.18
1	1	2	1170	1170	2048	64	204062.25	26778.41	52524.66
1	1	2	1170	1410	2048	64	203056.76	26755.06	67878.75
1	1	2	1410	690	2048	64	238293.87	33795.0	45786.84
1	1	2	1410	930	2048	64	213792.24	33145.72	47734.91
1	1	2	1410	1170	2048	64	204196.68	33080.4	52599.12
1	1	2	1410	1410	2048	64	202785.38	32821.75	68112.73
2	2	1	690	690	512	4	97644.07	16419.3	19870.48
2	2	1	690	1170	512	4	87142.27	14867.73	19704.08
2	2	1	690	1410	512	4	85737.69	14615.91	24021.78
2	2	1	1170	690	512	4	96733.09	17567.36	19776.73
2	2	1	1170	1170	512	4	85875.66	15906.19	19621.77
2	2	1	1170	1410	512	4	84710.62	15629.38	23948.66
2	2	1	1410	690	512	4	94543.36	20811.58	19476.28
2	2	1	1410	1170	512	4	85046.82	19049.63	19431.23
2	2	1	1410	1410	512	4	83853.91	18781.0	23824.06
2	2	1	690	690	512	32	115783.04	20037.84	23657.06
2	2	1	690	1170	512	32	107452.56	18666.84	24036.32
2	2	1	690	1410	512	32	105996.44	18489.77	29727.22
2	2	1	1170	690	512	32	113378.7	21206.44	23390.92
2	2	1	1170	1170	512	32	104977.56	19903.53	23953.75
2	2	1	1170	1410	512	32	103221.62	19513.81	29268.37
2	2	1	1410	690	512	32	112647.92	25647.99	23146.45
2	2	1	1410	1170	512	32	106504.5	24436.28	24167.3
2	2	1	1410	1410	512	32	103495.96	23917.86	29387.22
2	2	1	690	690	512	128	257677.88	45065.6	52081.57
2	2	1	690	1170	512	128	239922.17	42350.88	53577.23
2	2	1	690	1410	512	128	239296.57	42314.36	66801.55
2	2	1	1170	690	512	128	253573.58	47704.74	51316.99
2	2	1	1170	1170	512	128	231019.07	44186.7	52261.59
2	2	1	1170	1410	512	128	228160.2	43904.5	64997.5
2	2	1	1410	690	512	128	245969.52	56760.41	50521.04
2	2	1	1410	1170	512	128	227708.73	53457.98	51962.69
2	2	1	1410	1410	512	128	225321.39	53082.77	64293.72
2	2	1	690	690	2048	4	102831.98	17496.45	20965.3
2	2	1	690	1170	2048	4	92189.37	15924.05	20900.09
2	2	1	690	1410	2048	4	91784.33	15783.03	25720.66
2	2	1	1170	690	2048	4	100962.16	18531.13	20724.01
2	2	1	1170	1170	2048	4	91099.96	16972.71	20676.3
2	2	1	1170	1410	2048	4	89229.26	16612.48	25067.75
2	2	1	1410	690	2048	4	99385.82	22083.49	20534.55
2	2	1	1410	1170	2048	4	90506.49	20433.58	20618.55
2	2	1	1410	1410	2048	4	90951.92	20444.59	25633.64
2	2	1	690	690	2048	32	148942.68	26259.73	30137.05
2	2	1	690	1170	2048	32	139847.29	24905.99	31279.27
2	2	1	690	1410	2048	32	139898.51	24925.8	38866.25
2	2	1	1170	690	2048	32	145557.67	27686.23	29426.86
2	2	1	1170	1170	2048	32	135845.74	26240.2	30758.5
2	2	1	1170	1410	2048	32	134942.99	26047.36	38114.46
2	2	1	1410	690	2048	32	144387.35	33463.09	29523.59
2	2	1	1410	1170	2048	32	135128.64	31764.65	30627.4
2	2	1	1410	1410	2048	32	134393.97	31659.92	38072.5
2	2	1	690	690	2048	128	342820.65	61294.05	67331.56
2	2	1	690	1170	2048	128	321528.96	58004.95	69728.43
2	2	1	690	1410	2048	128	317921.45	57555.81	86758.71
2	2	1	1170	690	2048	128	326445.56	63540.44	65214.16
2	2	1	1170	1170	2048	128	309122.33	60764.85	68118.75
2	2	1	1170	1410	2048	128	305855.75	60340.59	84710.82
2	2	1	1410	690	2048	128	325880.3	77677.11	65268.63
2	2	1	1410	1170	2048	128	310716.97	74832.95	68299.53
2	2	1	1410	1410	2048	128	304150.38	73653.8	84668.14
2	2	1	450	450	128	1	102211.57	16784.94	20378.52
2	2	1	450	690	128	1	92151.84	15230.15	19010.2
2	2	1	450	930	128	1	84268.29	14076.03	18091.09
2	2	1	450	1170	128	1	82473.62	13853.88	18985.88
2	2	1	450	1410	128	1	81578.07	13736.27	23427.28
2	2	1	690	450	128	1	100537.12	16683.28	20231.15
2	2	1	690	690	128	1	92003.46	15356.96	19093.41
2	2	1	690	930	128	1	83779.97	14209.7	18047.93
2	2	1	690	1170	128	1	82350.09	13958.13	19002.39
2	2	1	690	1410	128	1	81276.81	13861.55	23401.59
2	2	1	930	450	128	1	99756.63	16905.89	20171.46
2	2	1	930	690	128	1	90327.02	15360.62	18780.38
2	2	1	930	930	128	1	82635.38	14266.45	17953.76
2	2	1	930	1170	128	1	81236.47	14103.27	18926.35
2	2	1	930	1410	128	1	80279.77	13874.96	23264.57
2	2	1	1170	450	128	1	98332.24	17650.92	19930.38
2	2	1	1170	690	128	1	89299.74	16134.48	18660.62
2	2	1	1170	930	128	1	82016.68	15079.88	17833.73
2	2	1	1170	1170	128	1	80307.82	14700.99	18709.17
2	2	1	1170	1410	128	1	78334.01	14429.86	22886.73
2	2	1	1410	450	128	1	99519.67	21561.41	20079.7
2	2	1	1410	690	128	1	88692.72	19441.93	18611.66
2	2	1	1410	930	128	1	81306.49	18021.12	17783.65
2	2	1	1410	1170	128	1	80152.93	17874.34	18639.58
2	2	1	1410	1410	128	1	78988.51	17637.25	22970.38
2	2	1	450	450	128	4	105667.06	17464.02	20951.59
2	2	1	450	690	128	4	97638.48	16285.79	19990.86
2	2	1	450	930	128	4	90255.92	15181.6	19079.26
2	2	1	450	1170	128	4	87111.79	14674.86	19694.62
2	2	1	450	1410	128	4	85970.57	14509.28	24279.03
2	2	1	690	450	128	4	102369.63	17121.03	20575.52
2	2	1	690	690	128	4	96120.69	16110.29	19656.45
2	2	1	690	930	128	4	88577.7	15019.3	18831.06
2	2	1	690	1170	128	4	85922.3	14563.85	19460.43
2	2	1	690	1410	128	4	84955.15	14443.29	23921.64
2	2	1	930	450	128	4	102433.97	17524.1	20573.66
2	2	1	930	690	128	4	94419.65	16248.96	19464.05
2	2	1	930	930	128	4	87204.44	15110.22	18607.16
2	2	1	930	1170	128	4	84710.89	14666.93	19296.23
2	2	1	930	1410	128	4	83829.58	14548.97	23740.12
2	2	1	1170	450	128	4	101572.56	18331.52	20409.88
2	2	1	1170	690	128	4	93901.58	17089.9	19399.12
2	2	1	1170	930	128	4	86250.82	15762.02	18471.88
2	2	1	1170	1170	128	4	83953.49	15458.3	19176.23
2	2	1	1170	1410	128	4	82970.2	15223.82	23622.3
2	2	1	1410	450	128	4	101157.48	22059.62	20327.91
2	2	1	1410	690	128	4	93512.75	20513.36	19318.18
2	2	1	1410	930	128	4	85706.55	19017.02	18397.9
2	2	1	1410	1170	128	4	83531.77	18628.34	19117.26
2	2	1	1410	1410	128	4	82208.31	18386.01	23394.92
2	2	1	450	450	128	8	106445.67	17643.27	21104.09
2	2	1	450	690	128	8	98351.21	16444.64	20047.66
2	2	1	450	930	128	8	90871.22	15347.29	19263.37
2	2	1	450	1170	128	8	88385.64	14899.75	19975.12
2	2	1	450	1410	128	8	87343.31	14790.84	24598.53
2	2	1	690	450	128	8	104977.37	17571.62	20957.04
2	2	1	690	690	128	8	96680.51	16336.7	19825.11
2	2	1	690	930	128	8	89523.68	15245.55	19014.38
2	2	1	690	1170	128	8	85904.11	14679.03	19527.56
2	2	1	690	1410	128	8	86166.94	14746.04	24366.57
2	2	1	930	450	128	8	103441.91	17706.46	20737.35
2	2	1	930	690	128	8	95457.82	16445.53	19698.05
2	2	1	930	930	128	8	88275.5	15294.04	18793.27
2	2	1	930	1170	128	8	85463.9	14885.77	19575.52
2	2	1	930	1410	128	8	85256.95	14840.06	24076.76
2	2	1	1170	450	128	8	102327.6	18600.79	20683.19
2	2	1	1170	690	128	8	94243.16	17201.38	19444.03
2	2	1	1170	930	128	8	87155.52	16055.5	18658.24
2	2	1	1170	1170	128	8	84554.38	15665.27	19455.84
2	2	1	1170	1410	128	8	84257.52	15552.15	24051.84
2	2	1	1410	450	128	8	100761.21	22083.47	20277.55
2	2	1	1410	690	128	8	94378.95	20884.87	19489.28
2	2	1	1410	930	128	8	85789.56	19285.3	18453.88
2	2	1	1410	1170	128	8	83830.72	18818.14	19335.29
2	2	1	1410	1410	128	8	83085.59	18667.57	23801.33
2	2	1	450	450	128	16	106900.52	17845.01	21363.45
2	2	1	450	690	128	16	99885.9	16745.56	20518.49
2	2	1	450	930	128	16	93685.69	15836.59	19928.02
2	2	1	450	1170	128	16	91234.78	15492.82	20669.0
2	2	1	450	1410	128	16	90183.22	15325.58	25544.18
2	2	1	690	450	128	16	106203.04	17844.39	21237.8
2	2	1	690	690	128	16	100139.64	16984.32	20522.29
2	2	1	690	930	128	16	93230.59	16013.93	19844.27
2	2	1	690	1170	128	16	90426.98	15434.03	20633.04
2	2	1	690	1410	128	16	89364.7	15344.21	25399.65
2	2	1	930	450	128	16	104294.04	17974.46	21051.75
2	2	1	930	690	128	16	98326.81	16973.26	20322.91
2	2	1	930	930	128	16	91377.15	15865.27	19517.28
2	2	1	930	1170	128	16	88592.05	15529.23	20405.6
2	2	1	930	1410	128	16	88734.69	15575.91	25389.84
2	2	1	1170	450	128	16	104200.22	19074.96	20985.23
2	2	1	1170	690	128	16	97458.48	17877.6	20134.62
2	2	1	1170	930	128	16	90780.32	16777.8	19447.64
2	2	1	1170	1170	128	16	87886.98	16312.73	20240.49
2	2	1	1170	1410	128	16	87163.16	16164.86	24892.45
2	2	1	1410	450	128	16	103293.22	22812.06	20870.62
2	2	1	1410	690	128	16	96729.01	21525.55	20062.66
2	2	1	1410	930	128	16	90264.23	20223.26	19384.78
2	2	1	1410	1170	128	16	87513.55	19728.82	20209.12
2	2	1	1410	1410	128	16	86340.63	19483.54	24799.64
2	2	1	450	450	128	32	113668.95	19057.66	22168.59
2	2	1	450	690	128	32	106458.69	17895.57	21482.93
2	2	1	450	930	128	32	99306.91	16869.23	20695.46
2	2	1	450	1170	128	32	97669.1	16598.64	21919.83
2	2	1	450	1410	128	32	96541.57	16453.47	26886.64
2	2	1	690	450	128	32	111563.99	18878.59	21996.27
2	2	1	690	690	128	32	104621.5	17809.16	21279.16
2	2	1	690	930	128	32	97130.55	16725.57	20453.73
2	2	1	690	1170	128	32	94858.96	16346.72	21455.82
2	2	1	690	1410	128	32	94046.75	16260.84	26414.73
2	2	1	930	450	128	32	110063.86	19047.12	21909.74
2	2	1	930	690	128	32	102975.96	17935.08	21119.32
2	2	1	930	930	128	32	95449.62	16757.49	20247.64
2	2	1	930	1170	128	32	94438.95	16644.1	21340.62
2	2	1	930	1410	128	32	93546.88	16447.1	26260.09
2	2	1	1170	450	128	32	108644.84	20032.45	21737.25
2	2	1	1170	690	128	32	102922.03	19013.94	21056.95
2	2	1	1170	930	128	32	94892.13	17736.39	20074.47
2	2	1	1170	1170	128	32	93402.3	17549.12	21217.37
2	2	1	1170	1410	128	32	92568.52	17365.95	26153.09
2	2	1	1410	450	128	32	107647.56	24099.24	21533.79
2	2	1	1410	690	128	32	101643.13	22884.92	20887.27
2	2	1	1410	930	128	32	93811.89	21405.11	19973.23
2	2	1	1410	1170	128	32	92499.27	21147.38	21088.29
2	2	1	1410	1410	128	32	91834.36	21079.7	26043.23
2	2	1	450	450	128	64	124857.29	21175.34	24503.19
2	2	1	450	690	128	64	117580.68	20085.09	23668.83
2	2	1	450	930	128	64	110676.25	19009.92	23040.37
2	2	1	450	1170	128	64	117252.96	19907.98	25544.44
2	2	1	450	1410	128	64	107549.96	18533.66	29833.05
2	2	1	690	450	128	64	121494.55	20782.56	24038.62
2	2	1	690	690	128	64	113872.19	19660.19	23121.24
2	2	1	690	930	128	64	106396.35	18615.02	22366.52
2	2	1	690	1170	128	64	104652.37	18203.45	23773.32
2	2	1	690	1410	128	64	105555.91	18385.25	29515.83
2	2	1	930	450	128	64	120099.06	20991.54	23954.48
2	2	1	930	690	128	64	112862.74	19907.28	23084.35
2	2	1	930	930	128	64	104457.72	18557.18	22146.39
2	2	1	930	1170	128	64	103498.96	18279.41	23444.44
2	2	1	930	1410	128	64	102308.9	18319.6	29139.55
2	2	1	1170	450	128	64	118734.88	22102.72	23757.2
2	2	1	1170	690	128	64	111568.44	20841.59	22893.3
2	2	1	1170	930	128	64	110980.67	20628.99	22942.26
2	2	1	1170	1170	128	64	102353.37	19282.08	23295.01
2	2	1	1170	1410	128	64	101915.3	19288.87	28926.37
2	2	1	1410	450	128	64	119817.04	26957.66	23788.23
2	2	1	1410	690	128	64	112187.56	25520.58	22938.41
2	2	1	1410	930	128	64	103769.52	23859.67	22008.36
2	2	1	1410	1170	128	64	101931.21	23518.62	23196.73
2	2	1	1410	1410	128	64	100686.44	23306.07	28685.51
2	2	1	450	450	128	128	248135.68	41978.51	48494.04
2	2	1	450	690	128	128	233038.13	39746.23	47039.3
2	2	1	450	930	128	128	219005.15	37616.17	45591.93
2	2	1	450	1170	128	128	220524.66	37710.59	48721.83
2	2	1	450	1410	128	128	212992.94	36785.83	59476.12
2	2	1	690	450	128	128	241184.89	41296.23	48018.46
2	2	1	690	690	128	128	225783.75	39049.75	46029.18
2	2	1	690	930	128	128	212853.94	37176.58	44772.54
2	2	1	690	1170	128	128	208671.09	36438.98	47192.12
2	2	1	690	1410	128	128	209576.34	36602.91	59498.91
2	2	1	930	450	128	128	243896.98	42496.02	48196.02
2	2	1	930	690	128	128	222519.93	39355.25	45558.19
2	2	1	930	930	128	128	206440.55	36771.23	43837.48
2	2	1	930	1170	128	128	202663.7	36229.94	46268.95
2	2	1	930	1410	128	128	201651.08	36039.12	57504.9
2	2	1	1170	450	128	128	235027.55	43983.79	47188.65
2	2	1	1170	690	128	128	220772.3	41544.3	45462.72
2	2	1	1170	930	128	128	211948.3	39941.18	44694.58
2	2	1	1170	1170	128	128	200556.17	38206.92	46006.25
2	2	1	1170	1410	128	128	202234.37	38517.77	57963.19
2	2	1	1410	450	128	128	233789.06	53025.22	46882.97
2	2	1	1410	690	128	128	220031.53	50278.64	45103.58
2	2	1	1410	930	128	128	204598.44	47293.28	43612.31
2	2	1	1410	1170	128	128	200633.46	46518.18	46004.18
2	2	1	1410	1410	128	128	205814.17	47502.36	58224.34
2	2	1	450	450	128	256	489091.03	82899.83	96274.61
2	2	1	450	690	128	256	459739.19	78641.91	93011.45
2	2	1	450	930	128	256	428593.25	73864.34	89963.95
2	2	1	450	1170	128	256	428010.27	73752.02	95517.61
2	2	1	450	1410	128	256	419103.96	72602.41	117705.03
2	2	1	690	450	128	256	476463.7	81738.35	94869.75
2	2	1	690	690	128	256	459319.46	78939.09	92867.84
2	2	1	690	930	128	256	419118.9	73167.74	88541.71
2	2	1	690	1170	128	256	410712.49	71818.1	93129.9
2	2	1	690	1410	128	256	408350.04	71377.04	116148.02
2	2	1	930	450	128	256	473623.71	82749.51	94241.98
2	2	1	930	690	128	256	443882.46	78252.97	90735.04
2	2	1	930	930	128	256	411349.77	73359.18	87523.26
2	2	1	930	1170	128	256	405853.89	72225.16	92055.23
2	2	1	930	1410	128	256	401278.56	71569.32	114501.63
2	2	1	1170	450	128	256	467466.86	87343.23	93891.24
2	2	1	1170	690	128	256	437643.84	82431.79	90175.48
2	2	1	1170	930	128	256	411336.31	77862.3	87185.24
2	2	1	1170	1170	128	256	397821.54	75800.58	91151.43
2	2	1	1170	1410	128	256	397237.34	75736.34	114317.27
2	2	1	1410	450	128	256	464583.64	105684.05	93366.72
2	2	1	1410	690	128	256	439804.72	100539.74	90268.67
2	2	1	1410	930	128	256	403180.26	93278.02	86175.58
2	2	1	1410	1170	128	256	399163.07	92683.05	91341.48
2	2	1	1410	1410	128	256	389627.51	90695.59	112593.35
2	2	1	450	450	512	1	101797.16	16824.48	20319.36
2	2	1	450	690	512	1	92303.9	15339.66	19138.48
2	2	1	450	930	512	1	84383.17	14232.59	18095.98
2	2	1	450	1170	512	1	83021.64	13992.62	19140.67
2	2	1	450	1410	512	1	81421.45	13760.96	23344.4
2	2	1	690	450	512	1	100166.67	16633.9	20226.03
2	2	1	690	690	512	1	91697.11	15355.1	18952.05
2	2	1	690	930	512	1	83733.12	14150.36	18084.47
2	2	1	690	1170	512	1	81333.15	13800.42	18827.6
2	2	1	690	1410	512	1	80380.42	13663.71	23283.61
2	2	1	930	450	512	1	98670.28	16745.55	19902.42
2	2	1	930	690	512	1	89165.19	15232.94	18691.88
2	2	1	930	930	512	1	81231.35	14115.66	17657.49
2	2	1	930	1170	512	1	79918.42	13793.66	18638.7
2	2	1	930	1410	512	1	79121.18	13728.48	22907.26
2	2	1	1170	450	512	1	98811.24	17729.42	19976.1
2	2	1	1170	690	512	1	88919.76	16178.21	18561.8
2	2	1	1170	930	512	1	81739.28	15051.9	17741.45
2	2	1	1170	1170	512	1	80384.91	14777.47	18674.12
2	2	1	1170	1410	512	1	78915.44	14538.77	22927.8
2	2	1	1410	450	512	1	99060.75	21573.75	20036.22
2	2	1	1410	690	512	1	88658.92	19441.3	18566.9
2	2	1	1410	930	512	1	84262.9	18663.73	18016.7
2	2	1	1410	1170	512	1	80284.09	17960.36	18697.5
2	2	1	1410	1410	512	1	79224.84	17718.23	23008.7
2	2	1	450	450	512	4	108580.73	17958.59	21282.09
2	2	1	450	690	512	4	96914.57	16124.23	19787.75
2	2	1	450	930	512	4	89470.26	15052.3	18887.64
2	2	1	450	1170	512	4	87183.79	14727.84	19718.92
2	2	1	450	1410	512	4	86039.23	14532.09	24278.11
2	2	1	690	450	512	4	104241.83	17438.22	20826.38
2	2	1	690	930	512	4	89208.21	15118.66	18970.23
2	2	1	930	450	512	4	103435.14	17666.27	20628.08
2	2	1	930	690	512	4	95025.3	16299.74	19492.84
2	2	1	930	930	512	4	87041.06	15051.3	18633.22
2	2	1	930	1170	512	4	85251.88	14856.01	19335.17
2	2	1	930	1410	512	4	84181.61	14607.27	24009.02
2	2	1	1170	450	512	4	101877.26	18526.54	20434.8
2	2	1	1170	930	512	4	87366.16	16115.18	18620.07
2	2	1	1410	450	512	4	101965.85	22274.05	20429.3
2	2	1	1410	930	512	4	85979.77	19122.95	18411.23
2	2	1	450	450	512	8	108410.42	18027.94	21582.8
2	2	1	450	690	512	8	101007.31	16954.87	20606.59
2	2	1	450	930	512	8	93162.53	15797.25	19666.4
2	2	1	450	1170	512	8	90801.16	15432.26	20624.91
2	2	1	450	1410	512	8	89673.9	15264.94	25225.38
2	2	1	690	450	512	8	107121.02	17962.73	21379.87
2	2	1	690	690	512	8	99351.29	16778.04	20389.16
2	2	1	690	930	512	8	92240.64	15696.73	19564.19
2	2	1	690	1170	512	8	89541.02	15323.37	20354.99
2	2	1	690	1410	512	8	88457.06	15187.12	24963.1
2	2	1	930	450	512	8	105761.91	18145.86	21235.25
2	2	1	930	690	512	8	97880.94	16876.51	20123.27
2	2	1	930	930	512	8	90850.89	15750.52	19430.68
2	2	1	930	1170	512	8	88016.71	15345.27	20155.77
2	2	1	930	1410	512	8	87163.7	15258.69	24831.05
2	2	1	1170	450	512	8	104961.82	19173.84	21052.48
2	2	1	1170	690	512	8	97029.5	17824.68	20052.67
2	2	1	1170	930	512	8	90380.73	16775.43	19305.62
2	2	1	1170	1170	512	8	87909.61	16312.75	20116.77
2	2	1	1170	1410	512	8	86238.23	16072.3	24626.68
2	2	1	1410	450	512	8	104919.21	23117.84	21110.17
2	2	1	1410	690	512	8	96901.14	21464.7	19998.17
2	2	1	1410	930	512	8	90083.75	20202.86	19324.22
2	2	1	1410	1170	512	8	86671.72	19500.41	19924.6
2	2	1	1410	1410	512	8	85840.49	19281.3	24633.21
2	2	1	450	450	512	16	112895.94	18975.11	22415.73
2	2	1	450	690	512	16	106846.89	18007.25	21859.92
2	2	1	450	930	512	16	99900.2	16984.95	21226.46
2	2	1	450	1170	512	16	97206.75	16584.6	21916.43
2	2	1	450	1410	512	16	96157.92	16403.58	27147.53
2	2	1	690	450	512	16	111566.95	18859.52	22309.75
2	2	1	690	690	512	16	104814.59	17854.79	21536.27
2	2	1	690	930	512	16	97795.85	16787.94	20714.06
2	2	1	690	1170	512	16	95942.73	16486.5	21828.48
2	2	1	690	1410	512	16	94981.41	16371.63	26950.99
2	2	1	930	450	512	16	110434.45	19068.66	22209.37
2	2	1	930	690	512	16	103026.48	17948.98	21252.24
2	2	1	930	930	512	16	95857.2	16824.16	20516.24
2	2	1	930	1170	512	16	93043.48	16443.45	21345.88
2	2	1	930	1410	512	16	92083.82	16239.96	26460.78
2	2	1	1170	450	512	16	108305.7	19887.41	21886.38
2	2	1	1170	690	512	16	101865.23	18831.12	21127.95
2	2	1	1170	930	512	16	95104.35	17781.7	20417.98
2	2	1	1170	1170	512	16	92118.09	17353.89	21251.41
2	2	1	1170	1410	512	16	91226.61	17114.75	26270.72
2	2	1	1410	450	512	16	108151.9	23976.97	21846.73
2	2	1	1410	690	512	16	101752.43	22846.95	21134.32
2	2	1	1410	930	512	16	94681.11	21417.66	20345.7
2	2	1	1410	1170	512	16	92089.63	21038.95	21226.73
2	2	1	1410	1410	512	16	90633.44	20747.08	26185.4
2	2	1	450	450	512	32	125727.8	21241.32	24774.8
2	2	1	450	690	512	32	117948.73	20014.52	23724.39
2	2	1	450	930	512	32	111688.28	19121.51	23332.94
2	2	1	450	1170	512	32	109286.98	18777.42	24476.41
2	2	1	450	1410	512	32	108510.3	18677.3	30194.27
2	2	1	690	450	512	32	122698.99	21066.88	24261.73
2	2	1	690	930	512	32	107978.18	18744.05	22843.92
2	2	1	930	450	512	32	120139.38	20991.55	23947.48
2	2	1	930	690	512	32	113211.55	19862.49	23185.54
2	2	1	930	930	512	32	105528.24	18644.9	22449.04
2	2	1	930	1170	512	32	104246.19	18570.77	23613.6
2	2	1	930	1410	512	32	103043.51	18345.33	29340.16
2	2	1	1170	450	512	32	120409.27	22353.94	24086.7
2	2	1	1170	930	512	32	105680.51	19950.91	22421.31
2	2	1	1410	450	512	32	118437.15	26655.31	23630.76
2	2	1	1410	930	512	32	105201.94	24117.53	22340.82
2	2	1	450	450	512	64	146005.3	24866.96	28391.51
2	2	1	450	690	512	64	137209.55	23598.91	27400.39
2	2	1	450	930	512	64	130895.67	22682.34	27049.55
2	2	1	450	1170	512	64	128372.06	22235.32	28380.88
2	2	1	450	1410	512	64	128178.86	22182.44	35367.47
2	2	1	690	450	512	64	140875.09	24270.2	27726.62
2	2	1	690	690	512	64	133717.48	23202.45	26824.87
2	2	1	690	930	512	64	126462.09	22237.38	26429.52
2	2	1	690	1170	512	64	124504.16	21844.91	27989.51
2	2	1	690	1410	512	64	123676.42	21847.53	34628.16
2	2	1	930	450	512	64	138599.38	24397.48	27454.04
2	2	1	930	690	512	64	132652.65	23504.82	26837.6
2	2	1	930	930	512	64	133208.62	23446.62	27273.61
2	2	1	930	1170	512	64	120527.77	21671.99	27194.02
2	2	1	930	1410	512	64	121289.69	21778.62	34301.16
2	2	1	1170	450	512	64	138431.25	25932.48	27549.33
2	2	1	1170	690	512	64	131517.99	24935.7	26765.19
2	2	1	1170	930	512	64	123819.88	23678.62	26078.05
2	2	1	1170	1170	512	64	122987.72	23464.76	27753.66
2	2	1	1170	1410	512	64	121192.46	23299.25	34261.39
2	2	1	1410	450	512	64	137535.28	31426.8	27393.13
2	2	1	1410	690	512	64	129409.24	29712.68	26429.79
2	2	1	1410	930	512	64	122772.42	28707.39	26022.44
2	2	1	1410	1170	512	64	121008.26	28357.0	27565.23
2	2	1	1410	1410	512	64	120299.7	28157.25	34178.54
2	2	1	450	450	512	128	278859.51	47634.88	54186.36
2	2	1	450	690	512	128	271615.72	46434.42	53758.22
2	2	1	450	930	512	128	252353.25	43678.14	52065.91
2	2	1	450	1170	512	128	243612.36	42488.8	54025.48
2	2	1	450	1410	512	128	243099.23	42292.44	67473.05
2	2	1	690	450	512	128	270202.12	46657.27	53122.57
2	2	1	690	930	512	128	239494.2	42232.84	50269.94
2	2	1	930	450	512	128	264252.92	46773.12	52310.7
2	2	1	930	690	512	128	248719.2	44357.52	50713.98
2	2	1	930	930	512	128	233658.54	42105.62	49363.9
2	2	1	930	1170	512	128	236509.56	42279.29	53091.4
2	2	1	930	1410	512	128	228847.09	41201.65	64672.02
2	2	1	1170	450	512	128	264781.41	49770.8	52449.62
2	2	1	1170	930	512	128	234611.4	44949.38	49502.93
2	2	1	1410	450	512	128	260700.07	59687.58	51868.02
2	2	1	1410	930	512	128	230279.43	53898.65	48893.07
2	2	1	450	450	512	256	535861.57	91823.23	104271.95
2	2	1	450	690	512	256	508779.19	87581.86	101611.2
2	2	1	450	930	512	256	476158.1	82836.55	98700.51
2	2	1	450	1170	512	256	469652.29	81836.51	104244.3
2	2	1	450	1410	512	256	463449.87	80982.84	129126.69
2	2	1	690	450	512	256	520384.49	89954.42	102332.01
2	2	1	690	690	512	256	489694.05	85382.45	98988.83
2	2	1	690	930	512	256	458105.11	80908.09	96217.48
2	2	1	690	1170	512	256	445982.03	79015.48	100647.88
2	2	1	690	1410	512	256	449191.53	79288.02	126310.3
2	2	1	930	450	512	256	501325.82	88950.64	100077.05
2	2	1	930	690	512	256	471858.44	84433.16	96627.09
2	2	1	930	930	512	256	445358.43	80315.31	94203.17
2	2	1	930	1170	512	256	447351.71	80446.22	100639.19
2	2	1	930	1410	512	256	433731.35	78591.53	123921.55
2	2	1	1170	450	512	256	504016.88	95263.35	100525.05
2	2	1	1170	690	512	256	470542.09	89584.8	96388.27
2	2	1	1170	930	512	256	445536.22	85428.29	94223.83
2	2	1	1170	1170	512	256	436532.23	84130.25	99444.88
2	2	1	1170	1410	512	256	425625.08	82326.7	122556.86
2	2	1	1410	450	512	256	498752.64	114987.07	99892.12
2	2	1	1410	690	512	256	479387.62	110909.73	97570.06
2	2	1	1410	930	512	256	439914.41	103352.81	93703.51
2	2	1	1410	1170	512	256	433849.63	102260.62	99216.3
2	2	1	1410	1410	512	256	432041.5	101821.34	123887.31
2	2	1	450	450	1024	1	104416.92	17158.45	20787.26
2	2	1	450	690	1024	1	93229.78	15531.55	19254.24
2	2	1	450	930	1024	1	86000.65	14365.76	18430.84
2	2	1	450	1170	1024	1	84849.78	14228.12	19349.44
2	2	1	450	1410	1024	1	83127.73	13999.12	23709.98
2	2	1	690	450	1024	1	102006.8	16899.19	20389.27
2	2	1	690	690	1024	1	92236.99	15395.72	19087.42
2	2	1	690	930	1024	1	85102.62	14321.84	18232.31
2	2	1	690	1170	1024	1	83845.79	14190.16	19152.39
2	2	1	690	1410	1024	1	83102.1	14033.45	23725.05
2	2	1	930	450	1024	1	101163.11	17043.1	20288.67
2	2	1	930	690	1024	1	91050.32	15505.91	18872.98
2	2	1	930	930	1024	1	83167.24	14346.45	17951.45
2	2	1	930	1170	1024	1	82566.4	14281.27	18985.72
2	2	1	930	1410	1024	1	81171.81	14011.16	23384.75
2	2	1	1170	450	1024	1	100259.81	17984.8	20209.99
2	2	1	1170	690	1024	1	90340.87	16415.3	18762.85
2	2	1	1170	930	1024	1	83189.54	15225.25	17968.31
2	2	1	1170	1170	1024	1	81343.36	14926.73	18844.7
2	2	1	1170	1410	1024	1	79987.97	14682.22	23148.16
2	2	1	1410	450	1024	1	99317.37	21558.64	20053.59
2	2	1	1410	690	1024	1	90088.38	19641.44	18786.47
2	2	1	1410	930	1024	1	82880.91	18422.91	17934.2
2	2	1	1410	1170	1024	1	80630.99	17788.61	18754.34
2	2	1	1410	1410	1024	1	79072.16	17631.35	22936.84
2	2	1	450	450	1024	4	106713.72	17728.43	21218.43
2	2	1	450	690	1024	4	99468.66	16514.0	20251.93
2	2	1	450	930	1024	4	92321.4	15584.8	19466.77
2	2	1	450	1170	1024	4	89746.28	15074.06	20175.5
2	2	1	450	1410	1024	4	88395.24	14853.82	24781.97
2	2	1	690	450	1024	4	105325.79	17657.3	21013.55
2	2	1	690	690	1024	4	98259.09	16574.05	20117.88
2	2	1	690	930	1024	4	90350.58	15279.19	19089.61
2	2	1	690	1170	1024	4	88776.75	15102.68	20103.31
2	2	1	690	1410	1024	4	88572.7	15117.46	24885.92
2	2	1	930	450	1024	4	105584.8	17930.59	21050.79
2	2	1	930	690	1024	4	97963.76	16831.49	20049.49
2	2	1	930	930	1024	4	89931.88	15451.89	19064.96
2	2	1	930	1170	1024	4	87883.07	15252.23	19932.17
2	2	1	930	1410	1024	4	87222.16	15149.88	24670.8
2	2	1	1170	450	1024	4	104789.71	18956.8	20953.73
2	2	1	1170	690	1024	4	95994.55	17495.02	19755.02
2	2	1	1170	930	1024	4	90225.54	16597.12	19177.38
2	2	1	1170	1170	1024	4	87037.32	16091.29	19781.48
2	2	1	1170	1410	1024	4	86017.91	15883.1	24311.81
2	2	1	1410	450	1024	4	104234.36	22830.82	20928.54
2	2	1	1410	690	1024	4	96722.05	21296.8	19992.27
2	2	1	1410	930	1024	4	88809.93	19728.16	18857.07
2	2	1	1410	1170	1024	4	86664.95	19387.08	19852.62
2	2	1	1410	1410	1024	4	86168.25	19329.52	24347.81
2	2	1	450	450	1024	8	113472.99	18905.41	22480.18
2	2	1	450	690	1024	8	105932.0	17765.02	21488.7
2	2	1	450	930	1024	8	98737.12	16762.63	20777.38
2	2	1	450	1170	1024	8	95023.32	16167.8	21424.62
2	2	1	450	1410	1024	8	93813.9	16017.55	26333.7
2	2	1	690	450	1024	8	110682.57	18628.71	22036.07
2	2	1	690	690	1024	8	103029.92	17491.93	21054.77
2	2	1	690	930	1024	8	96720.32	16512.45	20415.29
2	2	1	690	1170	1024	8	93604.69	16029.86	21278.09
2	2	1	690	1410	1024	8	93171.74	15918.77	26288.26
2	2	1	930	450	1024	8	109675.68	18851.95	21976.56
2	2	1	930	690	1024	8	102000.8	17634.93	20973.61
2	2	1	930	930	1024	8	95392.44	16535.53	20326.09
2	2	1	930	1170	1024	8	92733.91	16191.81	21118.49
2	2	1	930	1410	1024	8	92424.1	16207.91	26128.73
2	2	1	1170	450	1024	8	109485.01	19958.73	21914.61
2	2	1	1170	690	1024	8	101884.95	18735.16	20823.94
2	2	1	1170	930	1024	8	94627.58	17589.83	20228.08
2	2	1	1170	1170	1024	8	92079.04	17094.95	21098.98
2	2	1	1170	1410	1024	8	91425.94	16954.51	25891.84
2	2	1	1410	450	1024	8	109725.45	24201.24	22038.3
2	2	1	1410	690	1024	8	100567.82	22338.26	20758.08
2	2	1	1410	930	1024	8	94068.34	21037.71	20089.15
2	2	1	1410	1170	1024	8	91220.14	20598.73	20806.43
2	2	1	1410	1410	1024	8	91310.31	20599.0	25873.61
2	2	1	450	450	1024	16	122632.55	20587.71	24115.09
2	2	1	450	690	1024	16	115866.47	19531.62	23536.33
2	2	1	450	930	1024	16	114092.36	19209.62	23515.37
2	2	1	450	1170	1024	16	106601.01	18179.73	23958.95
2	2	1	450	1410	1024	16	104880.08	17969.3	29352.76
2	2	1	690	450	1024	16	119997.8	20342.24	23932.85
2	2	1	690	690	1024	16	113990.58	19449.47	23280.4
2	2	1	690	930	1024	16	106030.49	18283.65	22366.41
2	2	1	690	1170	1024	16	103368.69	17891.72	23407.34
2	2	1	690	1410	1024	16	102348.16	17665.36	29121.54
2	2	1	930	450	1024	16	117549.62	20325.6	23546.77
2	2	1	930	690	1024	16	112320.22	19589.36	23070.56
2	2	1	930	930	1024	16	104144.92	18339.38	22237.75
2	2	1	930	1170	1024	16	101739.02	17948.2	23328.54
2	2	1	930	1410	1024	16	100146.73	17763.85	28486.35
2	2	1	1170	450	1024	16	116851.27	21565.84	23526.58
2	2	1	1170	690	1024	16	109919.78	20391.67	22768.48
2	2	1	1170	930	1024	16	103196.56	19325.45	22056.87
2	2	1	1170	1170	1024	16	100454.81	18903.47	23070.7
2	2	1	1170	1410	1024	16	99675.33	18759.22	28531.45
2	2	1	1410	450	1024	16	116369.76	25873.52	23377.73
2	2	1	1410	690	1024	16	109283.41	24565.17	22646.91
2	2	1	1410	930	1024	16	105862.92	23867.66	22348.43
2	2	1	1410	1170	1024	16	100153.54	22938.7	23102.98
2	2	1	1410	1410	1024	16	102501.46	23334.92	28959.55
2	2	1	450	450	1024	32	140507.28	23824.97	27372.5
2	2	1	450	690	1024	32	131092.24	22444.54	26352.4
2	2	1	450	930	1024	32	123864.2	21388.68	25720.9
2	2	1	450	1170	1024	32	121923.94	21094.89	27179.02
2	2	1	450	1410	1024	32	120746.88	20833.0	33327.65
2	2	1	690	450	1024	32	134042.43	23085.88	26519.81
2	2	1	690	690	1024	32	125961.21	21747.02	25514.59
2	2	1	690	930	1024	32	119417.6	20885.38	25067.26
2	2	1	690	1170	1024	32	117671.12	20618.21	26509.08
2	2	1	690	1410	1024	32	116829.55	20410.57	32799.69
2	2	1	930	450	1024	32	131364.03	23106.14	26166.12
2	2	1	930	690	1024	32	124885.29	22096.06	25527.71
2	2	1	930	930	1024	32	117987.27	20884.81	24554.24
2	2	1	930	1170	1024	32	116855.0	20845.72	26399.14
2	2	1	930	1410	1024	32	115929.5	20744.25	32559.66
2	2	1	1170	450	1024	32	131815.89	24623.77	26126.38
2	2	1	1170	690	1024	32	125273.45	23633.41	25509.73
2	2	1	1170	930	1024	32	117327.93	22337.09	24825.92
2	2	1	1170	1170	1024	32	115737.98	22052.13	26350.33
2	2	1	1170	1410	1024	32	118325.17	22518.49	33358.04
2	2	1	1410	450	1024	32	131002.09	29788.98	26151.62
2	2	1	1410	690	1024	32	126004.78	28762.46	25582.98
2	2	1	1410	930	1024	32	117915.44	27179.86	24905.15
2	2	1	1410	1170	1024	32	115361.92	26729.21	26184.27
2	2	1	1410	1410	1024	32	114731.88	26610.25	32430.05
2	2	1	450	450	1024	64	170300.62	29212.18	32762.19
2	2	1	450	690	1024	64	162078.82	27941.02	32137.3
2	2	1	450	930	1024	64	155385.25	27059.23	31815.37
2	2	1	450	1170	1024	64	153179.22	26717.16	33595.77
2	2	1	450	1410	1024	64	151911.59	26508.32	41533.3
2	2	1	690	450	1024	64	165767.72	28704.73	32213.7
2	2	1	690	690	1024	64	157281.64	27539.48	31557.23
2	2	1	690	930	1024	64	150193.85	26469.72	31183.22
2	2	1	690	1170	1024	64	147322.65	26072.72	32541.89
2	2	1	690	1410	1024	64	146771.73	26009.34	40754.55
2	2	1	930	450	1024	64	160799.26	28522.07	31674.55
2	2	1	930	690	1024	64	153024.5	27371.77	30988.77
2	2	1	930	930	1024	64	145565.81	26257.52	30405.29
2	2	1	930	1170	1024	64	142558.86	25797.44	32130.5
2	2	1	930	1410	1024	64	142032.56	25773.25	40032.45
2	2	1	1170	450	1024	64	158222.92	29994.87	31405.83
2	2	1	1170	690	1024	64	152778.25	29171.85	30976.77
2	2	1	1170	930	1024	64	148071.31	28207.21	30483.01
2	2	1	1170	1170	1024	64	142091.96	27446.16	32079.46
2	2	1	1170	1410	1024	64	141783.95	27434.9	40053.46
2	2	1	1410	450	1024	64	158404.6	36439.15	31443.57
2	2	1	1410	690	1024	64	151069.5	35169.39	30707.71
2	2	1	1410	930	1024	64	144782.54	34001.47	30374.03
2	2	1	1410	1170	1024	64	142008.71	33578.55	32199.3
2	2	1	1410	1410	1024	64	140206.23	33174.95	39869.61
2	2	1	450	450	1024	128	308193.76	53130.38	59365.33
2	2	1	450	690	1024	128	292738.07	50839.92	58034.91
2	2	1	450	930	1024	128	277945.63	48624.45	56818.06
2	2	1	450	1170	1024	128	274538.18	48131.41	60162.62
2	2	1	450	1410	1024	128	274011.57	48136.52	75043.27
2	2	1	690	450	1024	128	302967.86	52480.77	58682.4
2	2	1	690	690	1024	128	281538.54	49665.14	56616.62
2	2	1	690	930	1024	128	268451.55	47662.09	55584.39
2	2	1	690	1170	1024	128	264600.16	47198.48	58819.25
2	2	1	690	1410	1024	128	262113.95	46774.63	72963.9
2	2	1	930	450	1024	128	289836.22	51709.47	57094.88
2	2	1	930	690	1024	128	275211.72	49555.63	55656.82
2	2	1	930	930	1024	128	261046.05	47557.64	54786.74
2	2	1	930	1170	1024	128	254723.76	46407.77	57403.76
2	2	1	930	1410	1024	128	261236.2	47289.94	72877.42
2	2	1	1170	450	1024	128	288027.99	54708.98	56883.66
2	2	1	1170	690	1024	128	273143.18	52355.64	55406.29
2	2	1	1170	930	1024	128	258705.79	50185.59	54190.8
2	2	1	1170	1170	1024	128	254535.8	49415.23	57566.52
2	2	1	1170	1410	1024	128	251111.45	48877.55	71335.49
2	2	1	1410	450	1024	128	286409.22	66445.98	56856.58
2	2	1	1410	690	1024	128	272256.36	63815.23	55430.7
2	2	1	1410	930	1024	128	257480.62	61056.59	54205.34
2	2	1	1410	1170	1024	128	251566.32	59896.61	56777.69
2	2	1	690	690	1024	256	530031.2	93652.61	106253.34
2	2	1	690	930	1024	256	497268.63	88552.62	103112.9
2	2	1	690	1170	1024	256	492120.38	87838.71	109232.58
2	2	1	690	1410	1024	256	490580.13	87684.51	136986.26
2	2	1	930	690	1024	256	513547.37	92687.12	104104.14
2	2	1	930	930	1024	256	486949.07	88721.1	101672.66
2	2	1	930	1170	1024	256	476424.01	87104.84	107045.99
2	2	1	930	1410	1024	256	468405.02	85743.86	132797.66
2	2	1	1170	690	1024	256	510444.31	97974.77	103640.88
2	2	1	1170	930	1024	256	478244.74	92983.27	100436.44
2	2	1	1170	1170	1024	256	470158.1	91621.12	106262.3
2	2	1	1170	1410	1024	256	473397.31	91942.65	133336.45
2	2	1	1410	690	1024	256	511256.17	120049.96	103989.34
2	2	1	1410	930	1024	256	478192.72	113863.45	100578.9
2	2	1	1410	1170	1024	256	472466.06	112651.16	106365.82
2	2	1	1410	1410	1024	256	466825.48	111595.91	132697.27
2	2	1	450	450	2048	1	105138.2	17252.66	20814.57
2	2	1	450	690	2048	1	95325.96	15793.7	19509.85
2	2	1	450	930	2048	1	87428.86	14620.01	18482.85
2	2	1	450	1170	2048	1	86273.31	14437.41	19559.78
2	2	1	450	1410	2048	1	84277.89	14089.59	23790.67
2	2	1	690	450	2048	1	103043.36	17030.01	20445.3
2	2	1	690	690	2048	1	94030.05	15698.28	19291.63
2	2	1	690	930	2048	1	85451.56	14426.19	18203.12
2	2	1	690	1170	2048	1	84113.27	14264.91	19256.94
2	2	1	690	1410	2048	1	82860.39	14026.29	23602.34
2	2	1	930	450	2048	1	101500.2	17087.39	20243.59
2	2	1	930	690	2048	1	92449.44	15730.15	19068.45
2	2	1	930	930	2048	1	84149.6	14511.19	18100.56
2	2	1	930	1170	2048	1	83165.45	14281.93	19030.83
2	2	1	930	1410	2048	1	82048.55	14146.01	23432.48
2	2	1	1170	450	2048	1	100132.96	17934.26	20128.7
2	2	1	1170	690	2048	1	89975.53	16346.42	18618.2
2	2	1	1170	930	2048	1	82807.83	15158.63	17927.8
2	2	1	1170	1170	2048	1	82557.91	15111.45	19050.57
2	2	1	1170	1410	2048	1	82042.72	15092.32	23522.45
2	2	1	1410	450	2048	1	100701.06	21777.8	20142.87
2	2	1	1410	690	2048	1	90326.9	19800.62	18751.2
2	2	1	1410	930	2048	1	82452.32	18287.13	17801.71
2	2	1	1410	1170	2048	1	81147.92	17995.85	18812.12
2	2	1	1410	1410	2048	1	80097.81	17773.75	23163.66
2	2	1	450	450	2048	4	111237.22	18476.09	21868.8
2	2	1	450	690	2048	4	103564.1	17373.59	20969.41
2	2	1	450	930	2048	4	95636.83	16130.34	20035.18
2	2	1	450	1170	2048	4	92837.19	15700.37	20772.48
2	2	1	450	1410	2048	4	93102.24	15763.06	25763.31
2	2	1	690	450	2048	4	109120.61	18252.97	21479.18
2	2	1	690	930	2048	4	94319.77	16056.16	19852.84
2	2	1	930	450	2048	4	107425.3	18365.55	21229.4
2	2	1	930	690	2048	4	101249.78	17444.38	20605.83
2	2	1	930	930	2048	4	93556.58	16159.79	19578.48
2	2	1	930	1170	2048	4	90254.0	15690.27	20463.73
2	2	1	930	1410	2048	4	89352.22	15510.06	25253.19
2	2	1	1170	450	2048	4	107903.12	19609.77	21544.91
2	2	1	1170	930	2048	4	93345.3	17055.93	19638.63
2	2	1	1410	450	2048	4	106691.0	23329.78	21188.91
2	2	1	1410	930	2048	4	91984.57	20512.09	19510.8
2	2	1	450	450	2048	8	120168.72	20065.34	23574.51
2	2	1	450	690	2048	8	111761.77	18779.15	22644.7
2	2	1	450	930	2048	8	104342.22	17782.48	21887.55
2	2	1	450	1170	2048	8	101841.29	17336.21	22835.65
2	2	1	450	1410	2048	8	101036.13	17285.3	28236.06
2	2	1	690	450	2048	8	118731.09	20042.41	23468.86
2	2	1	690	690	2048	8	109971.49	18747.7	22398.23
2	2	1	690	930	2048	8	103492.55	17763.52	21860.01
2	2	1	690	1170	2048	8	100569.74	17296.68	22836.91
2	2	1	690	1410	2048	8	99134.28	17108.62	27951.67
2	2	1	930	450	2048	8	116495.3	20141.02	23224.93
2	2	1	930	690	2048	8	107979.91	18723.12	22132.45
2	2	1	930	930	2048	8	100934.09	17665.38	21499.69
2	2	1	930	1170	2048	8	98508.72	17370.86	22434.55
2	2	1	930	1410	2048	8	101208.52	17745.11	28309.38
2	2	1	1170	450	2048	8	115950.3	21300.03	23108.95
2	2	1	1170	690	2048	8	107443.3	19805.97	21937.43
2	2	1	1170	930	2048	8	100551.34	18651.71	21272.48
2	2	1	1170	1170	2048	8	98872.7	18489.09	22443.0
2	2	1	1170	1410	2048	8	97353.64	18233.88	27547.12
2	2	1	1410	450	2048	8	115452.55	25529.0	22999.51
2	2	1	1410	690	2048	8	107842.92	24096.1	22146.52
2	2	1	1410	930	2048	8	100704.67	22759.05	21436.77
2	2	1	1410	1170	2048	8	98367.73	22252.94	22394.52
2	2	1	1410	1410	2048	8	96833.45	22025.68	27517.07
2	2	1	450	450	2048	16	132449.92	22406.29	26035.16
2	2	1	450	690	2048	16	126317.13	21473.7	25506.44
2	2	1	450	930	2048	16	119328.29	20518.9	24883.64
2	2	1	450	1170	2048	16	116551.89	20081.02	26115.62
2	2	1	450	1410	2048	16	115476.71	19874.02	32171.75
2	2	1	690	450	2048	16	130009.55	22185.34	25783.41
2	2	1	690	690	2048	16	122479.5	21082.95	24974.62
2	2	1	690	930	2048	16	117233.98	20339.85	24592.16
2	2	1	690	1170	2048	16	113058.81	19672.41	25461.84
2	2	1	690	1410	2048	16	111879.74	19577.65	31611.7
2	2	1	930	450	2048	16	127448.36	22158.85	25289.04
2	2	1	930	690	2048	16	122179.0	21373.01	24883.73
2	2	1	930	930	2048	16	114462.36	20218.27	24187.99
2	2	1	930	1170	2048	16	111660.17	19787.12	25305.59
2	2	1	930	1410	2048	16	111445.63	19774.03	31403.84
2	2	1	1170	450	2048	16	127976.18	23740.65	25481.46
2	2	1	1170	690	2048	16	121353.01	22663.64	24879.14
2	2	1	1170	930	2048	16	113825.66	21377.83	24108.77
2	2	1	1170	1170	2048	16	110914.23	20924.57	25276.28
2	2	1	1170	1410	2048	16	109609.22	20669.99	31177.3
2	2	1	1410	450	2048	16	125779.19	28272.69	24975.75
2	2	1	1410	690	2048	16	119295.92	26942.72	24420.67
2	2	1	1410	930	2048	16	112730.18	25842.4	24132.95
2	2	1	1410	1170	2048	16	110621.2	25420.74	25268.57
2	2	1	1410	1410	2048	16	109094.01	25142.66	31101.47
2	2	1	450	450	2048	32	161338.11	27612.98	31205.55
2	2	1	450	690	2048	32	154416.34	26634.28	30543.26
2	2	1	450	930	2048	32	147102.06	25490.53	30169.74
2	2	1	450	1170	2048	32	145673.19	25334.67	31950.22
2	2	1	450	1410	2048	32	143721.03	24981.51	39087.89
2	2	1	690	450	2048	32	156650.87	27140.19	30692.66
2	2	1	690	930	2048	32	141660.53	24942.28	29472.48
2	2	1	930	450	2048	32	152938.6	27079.2	30206.77
2	2	1	930	690	2048	32	145807.36	25968.43	29341.52
2	2	1	930	930	2048	32	140989.41	25287.86	29390.98
2	2	1	930	1170	2048	32	136591.63	24640.32	30749.98
2	2	1	930	1410	2048	32	135913.21	24545.6	38158.88
2	2	1	1170	450	2048	32	151841.97	28740.93	30123.09
2	2	1	1170	930	2048	32	137574.05	26476.39	28944.73
2	2	1	1410	450	2048	32	152122.04	34808.64	30025.38
2	2	1	1410	930	2048	32	137332.27	32035.03	28931.5
2	2	1	450	450	2048	64	213730.88	37029.16	40719.73
2	2	1	450	690	2048	64	205501.74	35860.52	40125.34
2	2	1	450	930	2048	64	197533.61	34758.88	39837.64
2	2	1	450	1170	2048	64	195276.87	34434.9	42252.21
2	2	1	450	1410	2048	64	194854.31	34449.24	52539.68
2	2	1	690	450	2048	64	207705.45	36339.07	40095.84
2	2	1	690	690	2048	64	200287.85	35225.49	39429.07
2	2	1	690	930	2048	64	192065.79	34285.69	39255.46
2	2	1	690	1170	2048	64	189274.71	33859.45	41389.91
2	2	1	690	1410	2048	64	188431.91	33746.81	51891.45
2	2	1	930	450	2048	64	202744.66	36435.29	39573.92
2	2	1	930	690	2048	64	195976.43	35400.58	39180.37
2	2	1	930	930	2048	64	187468.03	34212.42	38750.73
2	2	1	930	1170	2048	64	185677.04	33867.98	41102.23
2	2	1	930	1410	2048	64	183583.59	33581.47	50806.59
2	2	1	1170	450	2048	64	202424.11	38619.7	39519.7
2	2	1	1170	690	2048	64	194162.88	37476.11	38871.52
2	2	1	1170	930	2048	64	186919.98	36317.3	38689.21
2	2	1	1170	1170	2048	64	184045.67	35847.29	40796.81
2	2	1	1170	1410	2048	64	184130.38	35837.08	51093.13
2	2	1	1410	450	2048	64	202395.82	46986.66	39410.41
2	2	1	1410	690	2048	64	194423.94	45539.27	38850.18
2	2	1	1410	930	2048	64	188016.97	44455.04	38652.09
2	2	1	1410	1170	2048	64	184369.65	43849.82	40922.73
2	2	1	1410	1410	2048	64	182934.38	43552.17	50942.32
2	2	1	450	450	2048	128	372584.95	64879.88	69998.33
2	2	1	450	690	2048	128	357112.11	62350.15	68536.2
2	2	1	450	930	2048	128	338948.06	59739.15	67462.25
2	2	1	450	1170	2048	128	334242.59	59218.45	71542.97
2	2	1	450	1410	2048	128	331297.63	58787.23	88621.7
2	2	1	690	450	2048	128	356147.99	62710.59	67925.7
2	2	1	690	930	2048	128	329120.02	58823.18	66274.79
2	2	1	930	450	2048	128	346574.46	62519.21	66921.43
2	2	1	930	690	2048	128	328604.97	59815.15	65139.41
2	2	1	930	930	2048	128	312976.83	57590.08	64342.38
2	2	1	930	1170	2048	128	309372.66	57125.73	68097.78
2	2	1	930	1410	2048	128	307054.2	56777.06	84878.11
2	2	1	1170	450	2048	128	340978.03	65697.24	66430.77
2	2	1	1170	930	2048	128	313009.56	61357.74	64391.26
2	2	1	1410	450	2048	128	341166.13	80322.13	66324.4
2	2	1	1410	930	2048	128	307607.52	74184.02	63769.63
2	2	1	450	450	4096	1	106527.63	17506.77	20912.46
2	2	1	450	690	4096	1	96506.92	15981.43	19562.82
2	2	1	450	930	4096	1	88724.25	14802.56	18685.72
2	2	1	450	1170	4096	1	87832.96	14671.25	19728.77
2	2	1	450	1410	4096	1	85875.94	14393.66	24092.83
2	2	1	690	450	4096	1	105114.89	17325.7	20733.23
2	2	1	690	690	4096	1	95355.56	15873.46	19358.75
2	2	1	690	930	4096	1	87643.89	14769.25	18549.95
2	2	1	690	1170	4096	1	86074.83	14526.8	19383.03
2	2	1	690	1410	4096	1	85820.61	14473.86	24025.42
2	2	1	930	450	4096	1	103655.08	17483.55	20476.18
2	2	1	930	690	4096	1	93068.41	15828.88	19098.73
2	2	1	930	930	4096	1	87856.63	14978.93	18551.84
2	2	1	930	1170	4096	1	86054.32	14730.19	19439.54
2	2	1	930	1410	4096	1	84375.12	14431.99	23689.07
2	2	1	1170	450	4096	1	103416.42	18523.49	20496.55
2	2	1	1170	690	4096	1	93504.9	16849.12	19113.13
2	2	1	1170	930	4096	1	85249.89	15535.65	18145.4
2	2	1	1170	1170	4096	1	84179.63	15334.18	19079.23
2	2	1	1170	1410	4096	1	83598.9	15297.38	23721.36
2	2	1	1410	450	4096	1	102948.78	22316.25	20404.09
2	2	1	1410	690	4096	1	92793.71	20352.77	19004.05
2	2	1	1410	930	4096	1	84633.63	18691.58	18011.3
2	2	1	1410	1170	4096	1	82973.69	18394.91	18905.46
2	2	1	1410	1410	4096	1	81844.43	18090.44	23388.76
2	2	1	450	450	4096	4	119168.65	19828.94	23233.94
2	2	1	450	690	4096	4	111240.0	18557.49	22315.7
2	2	1	450	930	4096	4	103981.59	17640.2	21528.8
2	2	1	450	1170	4096	4	101519.52	17198.54	22448.16
2	2	1	450	1410	4096	4	100002.14	16991.36	27451.19
2	2	1	690	450	4096	4	116672.74	19570.77	22937.34
2	2	1	690	690	4096	4	108244.06	18311.14	21873.06
2	2	1	690	930	4096	4	101989.65	17384.3	21279.73
2	2	1	690	1170	4096	4	99328.29	17007.65	22210.0
2	2	1	690	1410	4096	4	98270.78	16825.95	27152.07
2	2	1	930	450	4096	4	117533.38	20060.74	22996.42
2	2	1	930	690	4096	4	107961.38	18592.91	21831.7
2	2	1	930	930	4096	4	100331.06	17464.23	21000.55
2	2	1	930	1170	4096	4	97889.75	17107.88	21943.95
2	2	1	930	1410	4096	4	96659.02	16864.75	26956.53
2	2	1	1170	450	4096	4	114792.14	20899.4	22627.11
2	2	1	1170	690	4096	4	107044.79	19601.42	21663.84
2	2	1	1170	930	4096	4	100845.28	18657.19	21115.48
2	2	1	1170	1170	4096	4	97897.83	18220.1	21961.4
2	2	1	1170	1410	4096	4	96733.69	17950.35	26900.18
2	2	1	1410	450	4096	4	113663.94	25032.74	22487.12
2	2	1	1410	690	4096	4	106296.77	23672.57	21564.57
2	2	1	1410	930	4096	4	98749.18	22221.34	20848.82
2	2	1	1410	1170	4096	4	96086.98	21657.46	21664.59
2	2	1	1410	1410	4096	4	95665.3	21608.74	26847.77
2	2	1	450	450	4096	8	131326.57	22106.82	25625.68
2	2	1	450	690	4096	8	124033.97	21004.7	24841.68
2	2	1	450	930	4096	8	116753.72	19988.88	24207.0
2	2	1	450	1170	4096	8	114351.7	19594.56	25296.64
2	2	1	450	1410	4096	8	113745.86	19502.27	31313.59
2	2	1	690	450	4096	8	129089.92	21836.25	25325.74
2	2	1	690	690	4096	8	121211.15	20686.47	24473.86
2	2	1	690	930	4096	8	113594.94	19624.98	23706.05
2	2	1	690	1170	4096	8	111842.98	19309.96	25033.48
2	2	1	690	1410	4096	8	109449.21	18945.55	30435.75
2	2	1	930	450	4096	8	127691.43	22160.52	25258.76
2	2	1	930	690	4096	8	119148.94	20672.51	24155.96
2	2	1	930	930	4096	8	113627.15	19979.77	23803.68
2	2	1	930	1170	4096	8	109865.5	19411.07	24684.7
2	2	1	930	1410	4096	8	110028.76	19434.59	30646.23
2	2	1	1170	450	4096	8	127336.51	23423.55	25090.4
2	2	1	1170	690	4096	8	119902.56	22196.8	24270.15
2	2	1	1170	930	4096	8	111883.49	20984.25	23495.78
2	2	1	1170	1170	4096	8	109290.6	20578.08	24531.12
2	2	1	1170	1410	4096	8	107960.7	20307.9	30199.84
2	2	1	1410	450	4096	8	126158.22	28121.65	24967.69
2	2	1	1410	690	4096	8	118398.6	26619.32	24070.87
2	2	1	1410	930	4096	8	110769.43	25218.59	23473.77
2	2	1	1410	1170	4096	8	109877.64	25023.88	24642.48
2	2	1	1410	1410	4096	8	108849.91	24860.78	30420.83
2	2	1	450	450	4096	16	157292.36	26805.59	30460.54
2	2	1	450	690	4096	16	149920.22	25753.98	29798.44
2	2	1	450	930	4096	16	143164.47	24768.6	29292.8
2	2	1	450	1170	4096	16	140222.12	24372.72	30720.73
2	2	1	450	1410	4096	16	138935.95	24144.77	37951.42
2	2	1	690	450	4096	16	152836.89	26337.38	29865.29
2	2	1	690	690	4096	16	146119.42	25343.66	29354.47
2	2	1	690	930	4096	16	138651.64	24302.99	28848.07
2	2	1	690	1170	4096	16	135897.21	23861.91	30243.86
2	2	1	690	1410	4096	16	134345.95	23667.48	37315.9
2	2	1	930	450	4096	16	150673.68	26555.05	29773.02
2	2	1	930	690	4096	16	143006.11	25427.35	29004.52
2	2	1	930	930	4096	16	135760.16	24256.89	28444.2
2	2	1	930	1170	4096	16	133325.95	23939.77	29990.38
2	2	1	930	1410	4096	16	133119.57	23896.48	37244.17
2	2	1	1170	450	4096	16	150280.7	28174.75	29713.36
2	2	1	1170	690	4096	16	142456.29	26916.71	28943.48
2	2	1	1170	930	4096	16	135396.77	25788.31	28370.12
2	2	1	1170	1170	4096	16	133278.87	25497.51	30020.13
2	2	1	1170	1410	4096	16	132082.44	25217.84	36922.66
2	2	1	1410	450	4096	16	149457.54	33922.62	29489.25
2	2	1	1410	690	4096	16	142264.96	32630.92	28831.94
2	2	1	1410	930	4096	16	134384.51	31112.73	28271.9
2	2	1	1410	1170	4096	16	132113.4	30784.45	29839.24
2	2	1	1410	1410	4096	16	131153.07	30564.95	36998.27
2	2	1	450	450	4096	32	206940.6	35915.62	39531.79
2	2	1	450	690	4096	32	198360.93	34671.46	38823.83
2	2	1	450	930	4096	32	190929.24	33649.88	38684.09
2	2	1	450	1170	4096	32	188551.69	33267.41	40840.53
2	2	1	450	1410	4096	32	188142.81	33164.75	50563.4
2	2	1	690	450	4096	32	200903.41	35158.32	38724.45
2	2	1	690	690	4096	32	193848.03	34203.45	38303.03
2	2	1	690	930	4096	32	187161.26	33214.08	38104.88
2	2	1	690	1170	4096	32	184868.62	32948.85	40308.09
2	2	1	690	1410	4096	32	182769.74	32672.44	49801.87
2	2	1	930	450	4096	32	197014.37	35237.29	38386.62
2	2	1	930	690	4096	32	189367.54	34069.37	37859.94
2	2	1	930	930	4096	32	181085.86	32913.02	37418.7
2	2	1	930	1170	4096	32	179141.84	32753.58	39786.8
2	2	1	930	1410	4096	32	177804.77	32548.2	49298.29
2	2	1	1170	450	4096	32	195400.66	37310.7	38259.8
2	2	1	1170	690	4096	32	187717.42	36059.42	37649.58
2	2	1	1170	930	4096	32	180361.54	34985.96	37383.93
2	2	1	1170	1170	4096	32	178404.42	34679.74	39750.36
2	2	1	1170	1410	4096	32	177030.55	34484.38	49143.79
2	2	1	1410	450	4096	32	195839.32	45441.52	38285.7
2	2	1	1410	690	4096	32	187333.59	43946.7	37605.84
2	2	1	1410	930	4096	32	180704.01	42758.41	37539.97
2	2	1	1410	1170	4096	32	178276.4	42311.33	39531.77
2	2	1	1410	1410	4096	32	176670.9	42083.42	49149.71
2	2	1	450	450	4096	64	294788.33	51973.34	55303.88
2	2	1	450	690	4096	64	287039.0	50799.55	55124.33
2	2	1	450	930	4096	64	278463.8	49669.12	55281.34
2	2	1	450	1170	4096	64	276750.76	49425.41	58727.3
2	2	1	450	1410	4096	64	276161.36	49397.38	73051.11
2	2	1	690	450	4096	64	290453.56	51463.98	54858.24
2	2	1	690	690	4096	64	282036.08	50404.28	54669.13
2	2	1	690	930	4096	64	274044.13	49066.12	54429.62
2	2	1	690	1170	4096	64	270704.34	48860.66	58278.56
2	2	1	690	1410	4096	64	268800.87	48674.94	72176.77
2	2	1	930	450	4096	64	283928.12	51525.2	54372.22
2	2	1	930	690	4096	64	275110.05	50229.14	54127.23
2	2	1	930	930	4096	64	266352.23	49162.36	54324.22
2	2	1	930	1170	4096	64	263934.88	48893.31	57733.49
2	2	1	930	1410	4096	64	262072.86	48654.31	71535.81
2	2	1	1170	450	4096	64	281757.97	54651.77	54498.94
2	2	1	1170	690	4096	64	273259.07	53367.81	54270.12
2	2	1	1170	930	4096	64	264308.59	52211.9	54343.2
2	2	1	1170	1170	4096	64	261980.24	51843.92	57679.43
2	2	1	1170	1410	4096	64	260432.38	51596.95	71730.43
2	2	1	1410	450	4096	64	280363.07	66387.81	54277.38
2	2	1	1410	690	4096	64	271514.75	64871.65	53871.64
2	2	1	1410	930	4096	64	263431.33	63745.18	54172.67
2	2	1	1410	1170	4096	64	260858.51	63207.7	57667.64
2	2	1	1410	1410	4096	64	259315.73	63014.59	71784.71
2	2	1	690	690	4096	128	446896.24	81211.98	85830.9
2	2	1	690	930	4096	128	439351.82	79927.23	86346.59
2	2	1	690	1170	4096	128	433742.87	79433.52	92208.8
2	2	1	690	1410	4096	128	432770.54	79431.96	115069.23
2	2	1	930	690	4096	128	439082.79	81378.62	85570.45
2	2	1	930	930	4096	128	429706.39	80421.98	86781.73
2	2	1	930	1170	4096	128	426525.07	80143.1	92430.54
2	2	1	930	1410	4096	128	425707.26	80086.55	115541.42
2	2	1	1170	690	4096	128	436775.02	86401.52	85834.74
2	2	1	1170	930	4096	128	433302.4	86213.7	87394.58
2	2	1	1170	1170	4096	128	425451.45	85283.67	92702.69
2	2	1	1170	1410	4096	128	425216.58	85133.43	115538.17
2	2	1	1410	690	4096	128	437635.44	105791.41	85746.02
2	2	1	1410	930	4096	128	427263.59	104530.8	86526.26
2	2	1	1410	1170	4096	128	425890.24	104573.03	92569.48
2	2	1	1410	1410	4096	128	427518.44	104949.38	116212.75
2	2	2	450	450	128	1	102637.62	16869.12	20475.81
2	2	2	450	690	128	1	92680.48	15363.28	19099.54
2	2	2	450	930	128	1	85135.99	14202.98	18168.37
2	2	2	450	1170	128	1	83867.19	14086.66	19221.51
2	2	2	450	1410	128	1	82365.12	13879.63	23579.98
2	2	2	690	450	128	1	101095.17	16703.74	20226.83
2	2	2	690	690	128	1	92432.62	15477.5	19092.08
2	2	2	690	930	128	1	84336.45	14212.99	18063.46
2	2	2	690	1170	128	1	82713.26	13970.09	19142.4
2	2	2	690	1410	128	1	81301.83	13854.7	23365.05
2	2	2	930	450	128	1	99424.36	16794.62	20039.47
2	2	2	930	690	128	1	90904.52	15516.43	18866.19
2	2	2	930	930	128	1	82773.74	14274.97	17837.98
2	2	2	930	1170	128	1	81935.26	14177.68	19009.48
2	2	2	930	1410	128	1	80744.11	14005.2	23257.79
2	2	2	1170	450	128	1	99565.94	17859.11	20070.19
2	2	2	1170	690	128	1	89630.55	16297.52	18654.0
2	2	2	1170	930	128	1	82125.94	15106.14	17861.43
2	2	2	1170	1170	128	1	79721.92	14651.86	18560.04
2	2	2	1170	1410	128	1	79239.81	14593.62	22997.12
2	2	2	1410	450	128	1	99087.7	21411.38	19972.35
2	2	2	1410	690	128	1	89055.57	19490.8	18614.71
2	2	2	1410	930	128	1	81680.59	18138.83	17709.18
2	2	2	1410	1170	128	1	80100.48	17830.22	18556.34
2	2	2	1410	1410	128	1	78248.57	17432.44	22810.52
2	2	2	450	450	128	4	151335.13	25780.15	33121.16
2	2	2	450	690	128	4	136667.22	23624.0	31155.02
2	2	2	450	930	128	4	122751.92	21500.84	29304.66
2	2	2	450	1170	128	4	116459.26	20440.66	30124.9
2	2	2	450	1410	128	4	114489.48	20218.62	37165.0
2	2	2	690	450	128	4	150019.76	25672.89	33004.48
2	2	2	690	690	128	4	132495.28	22965.34	30556.54
2	2	2	690	930	128	4	120740.92	21284.83	28988.38
2	2	2	690	1170	128	4	115970.5	20522.82	30117.37
2	2	2	690	1410	128	4	113386.37	20150.38	36922.09
2	2	2	930	450	128	4	147923.23	25806.73	32775.36
2	2	2	930	690	128	4	132272.44	23367.61	30612.54
2	2	2	930	930	128	4	118447.83	21263.2	28827.07
2	2	2	930	1170	128	4	113133.8	20464.8	29784.97
2	2	2	930	1410	128	4	111945.26	20290.33	36825.12
2	2	2	1170	450	128	4	147852.05	27458.33	32617.54
2	2	2	1170	690	128	4	131579.53	24742.65	30502.27
2	2	2	1170	930	128	4	117989.58	22614.09	28657.54
2	2	2	1170	1170	128	4	112621.88	21634.34	29609.23
2	2	2	1170	1410	128	4	110648.44	21302.52	36396.54
2	2	2	1410	450	128	4	146917.41	32897.6	32523.67
2	2	2	1410	690	128	4	131674.39	30003.59	30496.61
2	2	2	1410	930	128	4	117827.73	27367.65	28691.74
2	2	2	1410	1170	128	4	112338.58	26300.3	29637.03
2	2	2	1410	1410	128	4	110941.51	25959.44	36594.69
2	2	2	450	450	128	8	152076.09	25973.22	33267.4
2	2	2	450	690	128	8	136616.53	23688.48	31190.6
2	2	2	450	930	128	8	123234.6	21585.86	29534.56
2	2	2	450	1170	128	8	118680.33	20882.62	30611.62
2	2	2	450	1410	128	8	117064.49	20719.84	37682.66
2	2	2	690	450	128	8	150940.51	25897.73	33151.77
2	2	2	690	690	128	8	134594.86	23439.72	30924.09
2	2	2	690	930	128	8	121111.22	21416.59	29219.27
2	2	2	690	1170	128	8	116664.59	20698.56	30191.44
2	2	2	690	1410	128	8	114738.7	20458.29	37248.85
2	2	2	930	450	128	8	149659.82	26179.51	33041.2
2	2	2	930	690	128	8	133698.14	23674.54	30756.87
2	2	2	930	930	128	8	119122.48	21428.85	28826.23
2	2	2	930	1170	128	8	114489.13	20726.17	29945.14
2	2	2	930	1410	128	8	114143.05	20628.01	37287.75
2	2	2	1170	450	128	8	149641.81	27766.28	33025.55
2	2	2	1170	690	128	8	133722.36	25245.67	30758.7
2	2	2	1170	930	128	8	118671.82	22802.63	28789.32
2	2	2	1170	1170	128	8	113790.75	21913.12	29861.73
2	2	2	1170	1410	128	8	112689.37	21793.23	36849.41
2	2	2	1410	450	128	8	147929.17	33242.99	32752.09
2	2	2	1410	690	128	8	134784.32	30752.02	30808.87
2	2	2	1410	930	128	8	117861.65	27397.45	28568.09
2	2	2	1410	1170	128	8	115341.34	26939.95	29951.17
2	2	2	1410	1410	128	8	112035.02	26224.61	36339.44
2	2	2	450	450	128	16	155413.4	26714.31	34004.54
2	2	2	450	690	128	16	140984.83	24462.45	31933.54
2	2	2	450	930	128	16	125677.13	22188.36	30182.26
2	2	2	450	1170	128	16	119922.27	21316.06	31100.3
2	2	2	450	1410	128	16	118742.38	21093.97	38438.49
2	2	2	690	450	128	16	153060.64	26408.27	33642.05
2	2	2	690	690	128	16	139741.81	24386.64	31749.03
2	2	2	690	930	128	16	122876.74	21805.87	29728.4
2	2	2	690	1170	128	16	118998.02	21324.36	30943.38
2	2	2	690	1410	128	16	117151.11	21011.81	37878.23
2	2	2	930	450	128	16	152152.62	26747.23	33518.23
2	2	2	930	690	128	16	139551.3	24794.07	31801.65
2	2	2	930	930	128	16	123353.98	22286.45	29922.99
2	2	2	930	1170	128	16	117753.29	21391.44	30839.45
2	2	2	930	1410	128	16	115259.34	21020.99	37738.22
2	2	2	1170	450	128	16	151092.75	28161.4	33385.76
2	2	2	1170	690	128	16	134944.39	25548.39	31257.08
2	2	2	1170	930	128	16	121865.26	23418.12	29706.16
2	2	2	1170	1170	128	16	116123.35	22441.95	30439.83
2	2	2	1170	1410	128	16	114678.19	22163.98	37765.22
2	2	2	1410	450	128	16	150641.62	33922.01	33207.05
2	2	2	1410	690	128	16	134678.57	30870.16	31128.53
2	2	2	1410	930	128	16	122498.79	28536.8	29675.09
2	2	2	1410	1170	128	16	116396.44	27401.62	30600.97
2	2	2	1410	1410	128	16	114862.16	27015.31	37716.16
2	2	2	450	450	128	32	158890.7	27348.71	34747.85
2	2	2	450	690	128	32	147775.93	25678.73	33354.29
2	2	2	450	930	128	32	130509.66	23123.73	31234.63
2	2	2	450	1170	128	32	126506.17	22559.55	32553.29
2	2	2	450	1410	128	32	124313.02	22263.52	39872.85
2	2	2	690	450	128	32	155682.28	27074.45	34261.45
2	2	2	690	690	128	32	145007.03	25414.78	32961.03
2	2	2	690	930	128	32	128366.11	22985.57	30828.44
2	2	2	690	1170	128	32	124187.6	22340.73	32096.63
2	2	2	690	1410	128	32	122233.46	22048.36	39553.79
2	2	2	930	450	128	32	154446.09	27375.27	34210.38
2	2	2	930	690	128	32	144189.9	25803.82	32884.29
2	2	2	930	930	128	32	126744.96	23016.8	30598.5
2	2	2	930	1170	128	32	122813.48	22457.53	32043.16
2	2	2	930	1410	128	32	122876.39	22516.58	39540.36
2	2	2	1170	450	128	32	153327.04	28879.95	34054.26
2	2	2	1170	690	128	32	142492.19	27137.66	32712.2
2	2	2	1170	930	128	32	125654.67	24331.8	30587.42
2	2	2	1170	1170	128	32	121408.21	23716.98	31751.38
2	2	2	1170	1410	128	32	119314.72	23311.41	38907.2
2	2	2	1410	450	128	32	152974.96	34941.78	33977.69
2	2	2	1410	690	128	32	142305.41	32933.56	32579.32
2	2	2	1410	930	128	32	125784.7	29574.51	30498.52
2	2	2	1410	1170	128	32	121908.59	28771.28	31829.27
2	2	2	1410	1410	128	32	119983.37	28471.78	39072.99
2	2	2	450	450	128	64	169003.01	29266.73	36271.33
2	2	2	450	690	128	64	153900.87	26861.57	34346.02
2	2	2	450	930	128	64	140303.56	24914.05	32721.09
2	2	2	450	1170	128	64	139060.68	24839.25	34995.8
2	2	2	450	1410	128	64	139017.79	24702.27	43176.77
2	2	2	690	450	128	64	168202.54	29375.47	36384.13
2	2	2	690	690	128	64	154854.75	27249.86	34414.34
2	2	2	690	930	128	64	137932.18	24713.05	32356.66
2	2	2	690	1170	128	64	135612.43	24380.98	34265.53
2	2	2	690	1410	128	64	133902.31	24106.59	41985.02
2	2	2	930	450	128	64	167089.36	29695.76	36065.43
2	2	2	930	690	128	64	154333.86	27687.03	34445.01
2	2	2	930	930	128	64	137380.5	25088.62	32376.77
2	2	2	930	1170	128	64	134134.78	24630.94	33948.8
2	2	2	930	1410	128	64	131883.45	24270.05	41647.23
2	2	2	1170	450	128	64	167694.09	31681.35	36199.18
2	2	2	1170	690	128	64	153471.47	29390.91	34243.96
2	2	2	1170	930	128	64	142074.86	27375.6	32994.56
2	2	2	1170	1170	128	64	133840.74	26243.27	33914.7
2	2	2	1170	1410	128	64	131281.65	25846.05	41563.62
2	2	2	1410	450	128	64	163852.35	37776.72	35578.18
2	2	2	1410	690	128	64	152297.79	35696.45	34148.48
2	2	2	1410	930	128	64	135339.79	32248.86	32199.98
2	2	2	1410	1170	128	64	132338.42	31474.31	33600.7
2	2	2	1410	1410	128	64	129996.55	31143.89	41260.95
2	2	2	450	450	128	128	337856.78	58622.52	72654.99
2	2	2	450	690	128	128	306589.06	53647.91	68546.52
2	2	2	450	930	128	128	287248.25	50724.95	66553.68
2	2	2	450	1170	128	128	276396.73	49243.64	69507.55
2	2	2	450	1410	128	128	294032.55	52208.95	91197.26
2	2	2	690	450	128	128	347204.53	60389.09	74226.73
2	2	2	690	690	128	128	323405.23	56827.38	72145.94
2	2	2	690	930	128	128	277385.26	49924.73	65400.16
2	2	2	690	1170	128	128	281451.26	50742.41	71470.77
2	2	2	690	1410	128	128	273831.71	49258.58	85571.66
2	2	2	930	450	128	128	338701.68	60253.41	73239.59
2	2	2	930	690	128	128	307478.92	55348.02	68815.27
2	2	2	930	930	128	128	283564.3	51559.48	65985.8
2	2	2	930	1170	128	128	270614.45	49775.14	68746.56
2	2	2	930	1410	128	128	267738.92	49268.16	84602.55
2	2	2	1170	450	128	128	374900.28	71093.51	82150.26
2	2	2	1170	690	128	128	316459.14	60156.09	70103.41
2	2	2	1170	930	128	128	299449.37	57735.86	69272.79
2	2	2	1170	1170	128	128	272213.08	53045.5	68909.44
2	2	2	1170	1410	128	128	261445.18	51263.66	82700.68
2	2	2	1410	450	128	128	327908.91	75732.27	71684.94
2	2	2	1410	690	128	128	314639.88	73566.29	70963.23
2	2	2	1410	930	128	128	291537.67	69065.41	68956.21
2	2	2	1410	1170	128	128	290488.35	68899.39	72797.49
2	2	2	1410	1410	128	128	281542.73	67046.73	87869.96
2	2	2	450	450	128	256	665765.72	115440.7	143357.76
2	2	2	450	690	128	256	633204.83	110751.43	141872.92
2	2	2	450	930	128	256	558137.39	99153.7	130828.59
2	2	2	450	1170	128	256	539440.24	96885.05	137130.47
2	2	2	450	1410	128	256	533113.14	95742.74	166614.46
2	2	2	690	450	128	256	653628.32	114686.44	142145.43
2	2	2	690	690	128	256	662495.12	116368.26	146123.33
2	2	2	690	930	128	256	567049.77	101632.62	132986.09
2	2	2	690	1170	128	256	534168.97	96649.2	135638.16
2	2	2	690	1410	128	256	533906.7	96388.58	166692.41
2	2	2	930	450	128	256	654271.8	116957.67	142365.95
2	2	2	930	690	128	256	605488.72	109266.93	136195.43
2	2	2	930	930	128	256	536136.49	98674.77	127965.28
2	2	2	930	1170	128	256	532584.14	97870.55	135245.59
2	2	2	930	1410	128	256	531123.89	97758.9	165985.76
2	2	2	1170	450	128	256	651721.46	123932.9	142007.17
2	2	2	1170	690	128	256	612999.81	117574.17	138012.07
2	2	2	1170	930	128	256	536465.44	105213.62	128129.2
2	2	2	1170	1170	128	256	524785.54	103353.83	135305.77
2	2	2	1170	1410	128	256	544136.53	106913.86	172674.79
2	2	2	1410	450	128	256	658242.49	151800.38	142839.7
2	2	2	1410	690	128	256	596188.48	139729.67	135217.02
2	2	2	1410	930	128	256	549205.25	130832.91	130376.41
2	2	2	1410	1170	128	256	528094.93	126740.75	135741.79
2	2	2	1410	1410	128	256	512451.89	123501.5	164823.93
2	2	2	450	450	512	1	102570.43	16992.28	20575.5
2	2	2	450	690	512	1	94265.8	15679.98	19387.16
2	2	2	450	930	512	1	85983.33	14450.36	18406.9
2	2	2	450	1170	512	1	83651.23	14080.26	19148.45
2	2	2	450	1410	512	1	82358.57	13914.74	23300.32
2	2	2	690	450	512	1	101485.7	16875.42	20263.12
2	2	2	690	690	512	1	92356.09	15530.49	19082.84
2	2	2	690	930	512	1	83686.66	14125.19	17922.67
2	2	2	690	1170	512	1	82555.12	14014.77	19018.27
2	2	2	690	1410	512	1	81653.8	13904.87	23103.31
2	2	2	930	450	512	1	99744.03	16913.21	20042.91
2	2	2	930	690	512	1	91689.82	15694.01	18976.23
2	2	2	930	930	512	1	82562.45	14380.18	17847.04
2	2	2	930	1170	512	1	80982.88	14125.55	18680.52
2	2	2	930	1410	512	1	80192.95	13996.93	22828.62
2	2	2	1170	450	512	1	99068.92	17867.84	19909.66
2	2	2	1170	690	512	1	89406.27	16233.96	18671.79
2	2	2	1170	930	512	1	81812.12	14981.9	17845.42
2	2	2	1170	1170	512	1	80051.28	14715.16	18729.23
2	2	2	1170	1410	512	1	79600.43	14657.27	23003.07
2	2	2	1410	450	512	1	99113.71	21472.24	19954.4
2	2	2	1410	690	512	1	89456.52	19560.74	18670.03
2	2	2	1410	930	512	1	81462.3	18085.28	17703.38
2	2	2	1410	1170	512	1	80166.98	17771.37	18572.59
2	2	2	1410	1410	512	1	79623.0	17700.29	23056.22
2	2	2	450	450	512	4	152976.02	26115.36	33429.74
2	2	2	450	690	512	4	137226.42	23728.1	31329.33
2	2	2	450	930	512	4	122889.5	21608.52	29376.07
2	2	2	450	1170	512	4	117623.39	20796.19	30405.7
2	2	2	450	1410	512	4	115938.78	20552.98	37227.6
2	2	2	690	450	512	4	151845.65	26026.01	33278.98
2	2	2	690	690	512	4	138378.5	23995.28	31391.66
2	2	2	690	930	512	4	120143.92	21260.84	28965.03
2	2	2	690	1170	512	4	116268.73	20677.16	30126.48
2	2	2	690	1410	512	4	114321.19	20444.12	36790.59
2	2	2	930	450	512	4	149611.08	26108.64	32922.62
2	2	2	930	690	512	4	136520.02	24175.35	31173.74
2	2	2	930	930	512	4	118392.61	21371.23	28743.08
2	2	2	930	1170	512	4	115215.33	20808.55	29961.51
2	2	2	930	1410	512	4	113017.17	20494.52	36611.78
2	2	2	1170	450	512	4	149644.4	27818.7	33031.17
2	2	2	1170	690	512	4	135833.21	25601.41	31087.61
2	2	2	1170	930	512	4	118198.11	22689.52	28670.28
2	2	2	1170	1170	512	4	113637.35	21890.74	29761.35
2	2	2	1170	1410	512	4	112075.59	21619.44	36447.52
2	2	2	1410	450	512	4	148354.43	33302.77	32752.65
2	2	2	1410	690	512	4	136201.69	30944.66	31091.44
2	2	2	1410	930	512	4	118059.05	27391.05	28659.06
2	2	2	1410	1170	512	4	113781.96	26494.66	29677.88
2	2	2	1410	1410	512	4	112108.4	26186.76	36355.12
2	2	2	450	450	512	8	155418.81	26658.86	33976.74
2	2	2	450	690	512	8	141986.76	24530.09	31999.33
2	2	2	450	930	512	8	124819.07	21913.74	29760.11
2	2	2	450	1170	512	8	119821.86	21220.65	30823.13
2	2	2	450	1410	512	8	117836.72	20896.19	37640.98
2	2	2	690	450	512	8	155933.91	26774.52	33949.27
2	2	2	690	690	512	8	140217.66	24468.3	31829.73
2	2	2	690	930	512	8	122632.56	21848.64	29550.04
2	2	2	690	1170	512	8	119212.47	21216.31	30722.15
2	2	2	690	1410	512	8	117705.97	21002.69	37652.17
2	2	2	930	450	512	8	153371.9	26831.59	33748.98
2	2	2	930	690	512	8	139277.98	24778.48	31631.77
2	2	2	930	930	512	8	121980.91	22017.86	29336.43
2	2	2	930	1170	512	8	117237.93	21259.24	30473.67
2	2	2	930	1410	512	8	116816.04	21157.81	37547.0
2	2	2	1170	450	512	8	151863.04	28334.91	33552.24
2	2	2	1170	690	512	8	138870.59	26200.45	31625.64
2	2	2	1170	930	512	8	120161.69	23077.62	29117.37
2	2	2	1170	1170	512	8	117390.6	22655.97	30543.59
2	2	2	1170	1410	512	8	115656.47	22368.49	37574.92
2	2	2	1410	450	512	8	152141.55	34306.05	33491.51
2	2	2	1410	690	512	8	139096.32	31869.33	31692.61
2	2	2	1410	930	512	8	121064.31	28272.84	29393.96
2	2	2	1410	1170	512	8	116906.48	27408.16	30420.93
2	2	2	1410	1410	512	8	115190.44	27054.94	37288.14
2	2	2	450	450	512	16	160888.9	27680.59	35013.0
2	2	2	450	690	512	16	148476.65	25761.52	33409.81
2	2	2	450	930	512	16	130135.74	23038.49	31028.96
2	2	2	450	1170	512	16	125794.44	22368.11	32241.57
2	2	2	450	1410	512	16	123779.14	22069.75	39378.73
2	2	2	690	450	512	16	159751.05	27569.23	34857.09
2	2	2	690	690	512	16	146018.14	25479.05	32985.8
2	2	2	690	930	512	16	130370.45	23116.21	31080.76
2	2	2	690	1170	512	16	124921.44	22348.13	32142.77
2	2	2	690	1410	512	16	123121.68	22059.69	39508.02
2	2	2	930	450	512	16	159330.39	28007.94	34854.27
2	2	2	930	690	512	16	145980.09	25954.98	32993.84
2	2	2	930	930	512	16	127014.71	23036.91	30528.39
2	2	2	930	1170	512	16	124480.42	22700.03	32007.28
2	2	2	930	1410	512	16	124530.09	22679.33	39649.96
2	2	2	1170	450	512	16	158131.29	29549.05	34688.74
2	2	2	1170	690	512	16	145094.19	27500.8	32939.34
2	2	2	1170	930	512	16	136820.7	26160.18	32454.8
2	2	2	1170	1170	512	16	133116.83	25669.67	34028.22
2	2	2	1170	1410	512	16	131488.77	25372.45	41585.02
2	2	2	1410	450	512	16	168292.18	37790.41	36499.0
2	2	2	1410	690	512	16	154326.73	35264.61	34722.77
2	2	2	1410	930	512	16	137209.19	31913.95	32604.52
2	2	2	1410	1170	512	16	132964.11	31076.3	34042.84
2	2	2	1410	1410	512	16	130211.35	30505.82	41480.16
2	2	2	450	450	512	32	185647.52	32088.74	40021.91
2	2	2	450	690	512	32	176012.82	30967.23	39174.89
2	2	2	450	930	512	32	142636.64	25429.66	33730.35
2	2	2	450	1170	512	32	140468.25	25331.38	35788.65
2	2	2	450	1410	512	32	150699.64	26833.45	46957.07
2	2	2	690	450	512	32	166036.46	28989.27	36419.91
2	2	2	690	690	512	32	156938.96	27676.55	35435.21
2	2	2	690	930	512	32	140549.73	25204.52	33420.47
2	2	2	690	1170	512	32	136999.25	24595.42	34999.13
2	2	2	690	1410	512	32	134681.19	24361.95	42900.05
2	2	2	930	450	512	32	168708.04	29830.9	36706.59
2	2	2	930	690	512	32	160727.23	28656.01	35783.16
2	2	2	930	930	512	32	140681.78	25557.09	33528.95
2	2	2	930	1170	512	32	133913.88	24556.32	34591.42
2	2	2	930	1410	512	32	130853.49	24080.99	42210.09
2	2	2	1170	450	512	32	164537.52	31133.41	36236.27
2	2	2	1170	690	512	32	155206.86	29704.18	35351.48
2	2	2	1170	930	512	32	136590.1	26642.77	32856.53
2	2	2	1170	1170	512	32	133345.46	26150.26	34490.46
2	2	2	1170	1410	512	32	130645.1	25754.58	42595.64
2	2	2	1410	450	512	32	164638.05	37889.95	36363.82
2	2	2	1410	690	512	32	153970.41	35782.59	34984.2
2	2	2	1410	930	512	32	137330.53	32566.71	33039.46
2	2	2	1410	1170	512	32	133383.3	31901.88	34757.15
2	2	2	1410	1410	512	32	130750.45	31291.04	42422.95
2	2	2	450	450	512	64	188700.11	33058.26	40305.98
2	2	2	450	690	512	64	177021.57	31333.09	39165.55
2	2	2	450	930	512	64	160239.38	28832.15	37281.41
2	2	2	450	1170	512	64	157215.49	28430.42	39205.78
2	2	2	450	1410	512	64	154821.52	27965.61	47942.12
2	2	2	690	450	512	64	192002.66	33502.16	40829.11
2	2	2	690	690	512	64	176070.37	31436.1	39102.2
2	2	2	690	930	512	64	158934.02	28786.8	36840.68
2	2	2	690	1170	512	64	155840.15	28255.93	38827.72
2	2	2	690	1410	512	64	155991.73	28392.69	48544.16
2	2	2	930	450	512	64	185247.29	33222.55	39863.15
2	2	2	930	690	512	64	171996.94	31267.33	38250.06
2	2	2	930	930	512	64	155180.13	28593.58	36633.89
2	2	2	930	1170	512	64	152149.06	28185.49	38549.08
2	2	2	930	1410	512	64	150352.84	27892.07	47731.01
2	2	2	1170	450	512	64	188423.46	35788.91	40161.91
2	2	2	1170	690	512	64	188042.16	36189.4	42227.59
2	2	2	1170	930	512	64	155944.33	30681.83	36763.69
2	2	2	1170	1170	512	64	152713.07	30162.67	38634.98
2	2	2	1170	1410	512	64	151374.04	29987.04	47695.6
2	2	2	1410	450	512	64	187197.17	43346.09	40170.23
2	2	2	1410	690	512	64	197503.56	45683.45	42619.52
2	2	2	1410	930	512	64	156271.66	37610.64	36629.27
2	2	2	1410	1170	512	64	156371.46	37614.88	39272.91
2	2	2	1410	1410	512	64	154307.75	37169.03	48322.1
2	2	2	450	450	512	128	366754.59	64338.55	78610.16
2	2	2	450	690	512	128	341345.28	60505.41	75634.52
2	2	2	450	930	512	128	307393.23	55459.23	71789.19
2	2	2	450	1170	512	128	302787.09	54736.48	75642.7
2	2	2	450	1410	512	128	297198.05	53808.58	92452.39
2	2	2	690	450	512	128	357841.13	63256.67	77304.69
2	2	2	690	690	512	128	338191.27	60176.22	75175.59
2	2	2	690	930	512	128	301966.43	54898.55	70818.63
2	2	2	690	1170	512	128	294446.66	53919.25	74781.35
2	2	2	690	1410	512	128	291295.36	53328.7	91628.0
2	2	2	930	450	512	128	356214.09	64187.84	77217.34
2	2	2	930	690	512	128	332989.67	60599.96	74310.7
2	2	2	930	930	512	128	298516.12	55367.99	70347.6
2	2	2	930	1170	512	128	291865.06	54395.43	73905.32
2	2	2	930	1410	512	128	294120.64	54482.16	92262.12
2	2	2	1170	450	512	128	355323.59	68310.78	76992.09
2	2	2	1170	690	512	128	330178.18	64001.77	73730.33
2	2	2	1170	930	512	128	298714.49	59002.62	70376.62
2	2	2	1170	1170	512	128	290409.72	57645.25	73907.77
2	2	2	1170	1410	512	128	287104.11	57135.44	91402.81
2	2	2	1410	450	512	128	352027.09	82163.05	76412.02
2	2	2	1410	690	512	128	329166.98	77876.77	73638.68
2	2	2	1410	930	512	128	301187.64	72464.17	70566.87
2	2	2	1410	1170	512	128	289587.97	70437.05	73953.43
2	2	2	1410	1410	512	128	286020.62	69782.85	91114.51
2	2	2	450	450	512	256	716414.06	125541.71	153371.61
2	2	2	450	690	512	256	660739.1	117467.62	146830.54
2	2	2	450	930	512	256	595758.02	107212.01	138262.34
2	2	2	450	1170	512	256	584449.13	105815.67	146308.59
2	2	2	450	1410	512	256	572605.72	104189.55	179634.7
2	2	2	690	450	512	256	698461.26	123927.96	151209.16
2	2	2	690	690	512	256	657628.28	117467.16	145859.84
2	2	2	690	930	512	256	578364.68	105729.9	136329.08
2	2	2	690	1170	512	256	568664.31	104446.8	143991.73
2	2	2	690	1410	512	256	560737.76	103044.88	177882.65
2	2	2	930	450	512	256	693330.39	124843.2	149863.31
2	2	2	930	690	512	256	638457.7	116622.66	143419.2
2	2	2	930	930	512	256	567357.44	105963.19	135138.29
2	2	2	930	1170	512	256	559564.07	104667.63	142819.11
2	2	2	930	1410	512	256	552258.7	103722.18	177337.45
2	2	2	1170	450	512	256	694874.67	133405.51	150436.41
2	2	2	1170	690	512	256	637449.07	123913.39	143473.25
2	2	2	1170	930	512	256	578067.81	114525.32	136822.3
2	2	2	1170	1170	512	256	558705.0	111385.59	143091.32
2	2	2	1170	1410	512	256	554400.08	110700.16	176963.29
2	2	2	1410	450	512	256	684862.8	160742.42	148951.06
2	2	2	1410	690	512	256	632284.72	150529.8	142361.49
2	2	2	1410	930	512	256	569882.48	138421.78	135389.36
2	2	2	1410	1170	512	256	558284.39	135705.98	142303.14
2	2	2	1410	1410	512	256	546352.92	133653.61	175108.8
2	2	2	450	450	1024	1	104008.67	17131.01	20727.94
2	2	2	450	690	1024	1	95547.14	15873.55	19443.12
2	2	2	450	930	1024	1	86473.53	14483.95	18344.02
2	2	2	450	1170	1024	1	84813.19	14254.99	19284.88
2	2	2	450	1410	1024	1	83551.7	14082.32	23578.32
2	2	2	690	450	1024	1	102506.76	17041.72	20339.01
2	2	2	690	690	1024	1	93579.94	15642.43	19141.36
2	2	2	690	930	1024	1	84591.59	14372.65	18151.8
2	2	2	690	1170	1024	1	83454.25	14235.06	19033.66
2	2	2	690	1410	1024	1	81817.27	13903.82	23183.15
2	2	2	930	450	1024	1	100196.72	17032.85	20154.93
2	2	2	930	690	1024	1	92438.92	15786.3	19080.84
2	2	2	930	930	1024	1	82575.85	14254.68	17893.31
2	2	2	930	1170	1024	1	81128.6	14003.48	18727.54
2	2	2	930	1410	1024	1	80550.28	13998.77	22897.28
2	2	2	1170	450	1024	1	99499.32	17924.24	20017.66
2	2	2	1170	690	1024	1	91401.18	16629.99	18907.67
2	2	2	1170	930	1024	1	82198.37	15062.52	17807.89
2	2	2	1170	1170	1024	1	82367.21	15142.72	18930.59
2	2	2	1170	1410	1024	1	81031.12	14892.49	22965.98
2	2	2	1410	450	1024	1	100467.38	21780.14	20142.68
2	2	2	1410	690	1024	1	91053.64	19931.91	18890.95
2	2	2	1410	930	1024	1	83029.66	18374.43	17922.88
2	2	2	1410	1170	1024	1	81246.63	18132.66	18743.33
2	2	2	1410	1410	1024	1	80392.14	17827.4	22875.93
2	2	2	450	450	1024	4	154706.19	26406.59	33650.06
2	2	2	450	690	1024	4	141527.92	24333.28	31776.81
2	2	2	450	930	1024	4	124662.96	21875.92	29681.68
2	2	2	450	1170	1024	4	119902.11	21119.77	30733.05
2	2	2	450	1410	1024	4	116797.72	20684.92	37228.62
2	2	2	690	450	1024	4	153307.6	26337.86	33516.95
2	2	2	690	690	1024	4	139471.03	24196.21	31588.4
2	2	2	690	930	1024	4	124068.99	21899.95	29648.84
2	2	2	690	1170	1024	4	118423.33	21066.27	30497.4
2	2	2	690	1410	1024	4	116265.46	20706.26	37447.12
2	2	2	930	450	1024	4	150935.34	26369.78	33214.7
2	2	2	930	690	1024	4	137928.55	24449.3	31411.66
2	2	2	930	930	1024	4	120000.83	21636.53	29094.76
2	2	2	930	1170	1024	4	116353.63	21014.88	30260.03
2	2	2	930	1410	1024	4	115283.61	20898.62	37235.26
2	2	2	1170	450	1024	4	151034.8	28026.81	33170.98
2	2	2	1170	690	1024	4	137974.87	25991.01	31497.2
2	2	2	1170	930	1024	4	120625.29	23074.48	29136.84
2	2	2	1170	1170	1024	4	115923.05	22367.09	30279.05
2	2	2	1170	1410	1024	4	115514.72	22210.69	37350.09
2	2	2	1410	450	1024	4	151658.69	34100.84	33393.46
2	2	2	1410	690	1024	4	137413.94	31355.19	31268.58
2	2	2	1410	930	1024	4	120630.71	28037.12	29176.39
2	2	2	1410	1170	1024	4	116629.1	27113.91	30351.62
2	2	2	1410	1410	1024	4	114857.59	26967.62	37167.31
2	2	2	450	450	1024	8	159318.04	27323.52	34678.69
2	2	2	450	690	1024	8	146303.38	25423.37	32816.55
2	2	2	450	930	1024	8	129119.02	22799.6	30692.71
2	2	2	450	1170	1024	8	124807.0	22085.88	31953.36
2	2	2	450	1410	1024	8	122990.09	21767.84	39010.28
2	2	2	690	450	1024	8	158471.21	27289.77	34564.26
2	2	2	690	690	1024	8	144324.16	25094.37	32471.37
2	2	2	690	930	1024	8	127948.29	22653.09	30442.38
2	2	2	690	1170	1024	8	124242.63	22108.04	31624.16
2	2	2	690	1410	1024	8	122119.13	21814.8	38821.74
2	2	2	930	450	1024	8	156037.59	27397.98	34268.02
2	2	2	930	690	1024	8	142987.7	25404.77	32427.8
2	2	2	930	930	1024	8	124523.02	22536.74	30075.95
2	2	2	930	1170	1024	8	121766.1	22068.48	31422.86
2	2	2	930	1410	1024	8	120729.07	21949.95	38680.95
2	2	2	1170	450	1024	8	156300.8	29214.98	34346.55
2	2	2	1170	690	1024	8	142563.32	26912.84	32383.3
2	2	2	1170	930	1024	8	125116.8	24055.75	30049.55
2	2	2	1170	1170	1024	8	120687.1	23347.85	31274.21
2	2	2	1170	1410	1024	8	119012.03	22960.68	38295.09
2	2	2	1410	450	1024	8	155007.62	35039.63	34104.25
2	2	2	1410	690	1024	8	142145.47	32491.75	32342.72
2	2	2	1410	930	1024	8	124428.84	28915.44	30028.05
2	2	2	1410	1170	1024	8	120544.27	28303.18	31242.05
2	2	2	1410	1410	1024	8	118749.51	27832.72	38443.05
2	2	2	450	450	1024	16	168645.46	29094.91	36511.61
2	2	2	450	690	1024	16	156378.07	27243.51	34913.17
2	2	2	450	930	1024	16	138534.79	24529.2	32705.64
2	2	2	450	1170	1024	16	134359.65	23906.84	34164.87
2	2	2	450	1410	1024	16	131264.8	23447.15	41807.42
2	2	2	690	450	1024	16	166859.54	28935.6	36304.45
2	2	2	690	690	1024	16	154201.77	27054.63	34695.59
2	2	2	690	930	1024	16	136455.21	24427.16	32674.29
2	2	2	690	1170	1024	16	132580.74	23780.28	33833.65
2	2	2	690	1410	1024	16	131552.39	23613.05	41716.43
2	2	2	930	450	1024	16	165776.42	29195.66	36147.48
2	2	2	930	690	1024	16	152258.32	27174.45	34349.3
2	2	2	930	930	1024	16	134722.36	24506.24	32184.08
2	2	2	930	1170	1024	16	130964.53	23907.98	33615.04
2	2	2	930	1410	1024	16	129226.46	23564.85	41224.98
2	2	2	1170	450	1024	16	165091.38	30923.09	36121.05
2	2	2	1170	690	1024	16	151745.99	28887.88	34223.66
2	2	2	1170	930	1024	16	134792.73	26147.3	32015.98
2	2	2	1170	1170	1024	16	130152.95	25346.86	33507.15
2	2	2	1170	1410	1024	16	128780.96	25136.29	41194.7
2	2	2	1410	450	1024	16	165491.22	37582.73	36181.45
2	2	2	1410	690	1024	16	151345.15	34881.09	34166.96
2	2	2	1410	930	1024	16	133878.82	31486.6	32170.37
2	2	2	1410	1170	1024	16	129722.22	30828.31	33683.88
2	2	2	1410	1410	1024	16	128382.99	30401.04	41246.2
2	2	2	450	450	1024	32	181850.51	31820.53	39407.66
2	2	2	450	690	1024	32	171133.73	30165.95	38222.2
2	2	2	450	930	1024	32	153739.26	27606.84	36282.52
2	2	2	450	1170	1024	32	149026.01	26860.01	37802.44
2	2	2	450	1410	1024	32	146543.73	26581.36	46839.27
2	2	2	690	450	1024	32	179559.85	31597.08	39185.18
2	2	2	690	690	1024	32	167747.92	29709.48	37840.81
2	2	2	690	930	1024	32	151022.48	27383.4	35896.23
2	2	2	690	1170	1024	32	147455.24	26777.32	37616.01
2	2	2	690	1410	1024	32	145653.93	26528.66	46335.62
2	2	2	930	450	1024	32	181585.75	32202.52	39150.06
2	2	2	930	690	1024	32	165662.33	29889.8	37467.24
2	2	2	930	930	1024	32	148840.23	27346.67	35602.34
2	2	2	930	1170	1024	32	145058.2	26788.03	37138.22
2	2	2	930	1410	1024	32	143551.36	26630.45	45824.79
2	2	2	1170	450	1024	32	180533.98	34336.77	39540.24
2	2	2	1170	690	1024	32	165807.4	31836.72	37346.84
2	2	2	1170	930	1024	32	148456.71	29112.98	35592.52
2	2	2	1170	1170	1024	32	144573.36	28461.98	37183.35
2	2	2	1170	1410	1024	32	143841.22	28375.99	46178.84
2	2	2	1410	450	1024	32	175287.61	40576.59	38570.45
2	2	2	1410	690	1024	32	165774.11	38853.38	37690.83
2	2	2	1410	930	1024	32	148699.57	35516.29	35615.63
2	2	2	1410	1170	1024	32	143920.39	34610.55	37265.48
2	2	2	1410	1410	1024	32	141860.08	34302.02	46023.19
2	2	2	450	450	1024	64	212451.5	37426.31	44993.6
2	2	2	450	690	1024	64	199920.76	35482.4	43745.17
2	2	2	450	930	1024	64	183442.96	33257.37	42405.91
2	2	2	450	1170	1024	64	180315.18	32767.81	44792.36
2	2	2	450	1410	1024	64	179010.42	32547.07	55444.96
2	2	2	690	450	1024	64	217087.07	38258.37	45651.69
2	2	2	690	690	1024	64	197406.51	35426.62	43443.05
2	2	2	690	930	1024	64	180156.42	32883.33	41844.67
2	2	2	690	1170	1024	64	176471.69	32376.34	44075.02
2	2	2	690	1410	1024	64	174930.44	32085.11	54135.72
2	2	2	930	450	1024	64	206747.87	37232.09	44308.61
2	2	2	930	690	1024	64	191721.81	34990.64	42819.88
2	2	2	930	930	1024	64	178380.11	33071.4	41822.46
2	2	2	930	1170	1024	64	175484.79	32812.4	44114.64
2	2	2	930	1410	1024	64	173370.81	32395.6	54226.08
2	2	2	1170	450	1024	64	206400.36	39799.29	44397.96
2	2	2	1170	690	1024	64	194331.41	37917.31	43175.22
2	2	2	1170	930	1024	64	176702.38	35126.34	41453.43
2	2	2	1170	1170	1024	64	174261.95	34752.77	43854.91
2	2	2	1170	1410	1024	64	171906.92	34362.02	54148.89
2	2	2	1410	450	1024	64	205318.27	48220.91	44250.83
2	2	2	1410	690	1024	64	194174.86	46188.46	43185.69
2	2	2	1410	930	1024	64	176060.44	42914.08	41458.42
2	2	2	1410	1170	1024	64	173531.85	42357.25	43711.24
2	2	2	1410	1410	1024	64	176992.74	42912.46	54902.84
2	2	2	450	450	1024	128	394435.14	69631.47	83626.05
2	2	2	450	690	1024	128	371293.79	66213.26	81309.55
2	2	2	450	930	1024	128	337332.86	61273.82	77655.43
2	2	2	450	1170	1024	128	331589.68	60262.27	81665.91
2	2	2	450	1410	1024	128	326691.1	59616.45	101058.27
2	2	2	690	450	1024	128	390218.41	69376.91	83229.51
2	2	2	690	690	1024	128	362739.42	65373.14	80068.2
2	2	2	690	930	1024	128	328437.59	60379.77	76489.19
2	2	2	690	1170	1024	128	330255.38	60555.22	81866.0
2	2	2	690	1410	1024	128	319033.5	59083.36	99858.18
2	2	2	930	450	1024	128	382325.58	69559.52	82485.1
2	2	2	930	690	1024	128	357631.85	65787.5	79525.81
2	2	2	930	930	1024	128	323173.27	60454.91	75790.95
2	2	2	930	1170	1024	128	317991.41	59687.58	79932.92
2	2	2	930	1410	1024	128	315177.8	59343.74	99484.45
2	2	2	1170	450	1024	128	382049.84	73960.19	82307.03
2	2	2	1170	690	1024	128	358230.59	70207.46	79627.25
2	2	2	1170	930	1024	128	331287.72	65875.12	77109.29
2	2	2	1170	1170	1024	128	318544.66	64066.32	80721.51
2	2	2	1170	1410	1024	128	310401.09	62454.69	98438.62
2	2	2	1410	450	1024	128	378993.17	89489.03	81880.7
2	2	2	1410	690	1024	128	354966.65	84953.49	79318.46
2	2	2	1410	930	1024	128	321127.87	78759.97	75917.26
2	2	2	1410	1170	1024	128	314221.64	77137.57	79422.38
2	2	2	1410	1410	1024	128	310115.62	76311.37	98229.09
2	2	2	690	690	1024	256	686413.1	124330.56	152020.35
2	2	2	690	930	1024	256	623848.1	114775.88	144858.88
2	2	2	690	1170	1024	256	608055.18	112733.62	152616.2
2	2	2	690	1410	1024	256	600202.97	111595.66	188390.52
2	2	2	930	690	1024	256	678386.13	125230.75	151475.52
2	2	2	930	930	1024	256	617427.8	115731.84	144292.24
2	2	2	930	1170	1024	256	601244.58	113121.59	151211.98
2	2	2	930	1410	1024	256	589786.91	111400.17	186026.25
2	2	2	1170	690	1024	256	675288.06	132741.43	151030.84
2	2	2	1170	930	1024	256	608010.13	122065.26	143387.11
2	2	2	1170	1170	1024	256	602093.14	120921.83	152258.4
2	2	2	1170	1410	1024	256	587642.27	118774.52	187471.38
2	2	2	1410	690	1024	256	671090.87	160854.6	150360.73
2	2	2	1410	930	1024	256	603611.1	148275.34	142570.07
2	2	2	1410	1170	1024	256	598792.76	147136.36	150995.62
2	2	2	1410	1410	1024	256	586809.77	145135.55	186162.7
2	2	2	450	450	2048	1	105401.03	17325.81	20923.22
2	2	2	450	690	2048	1	97351.58	16187.76	19822.27
2	2	2	450	930	2048	1	88111.23	14733.42	18632.88
2	2	2	450	1170	2048	1	86220.39	14501.55	19572.53
2	2	2	450	1410	2048	1	85126.24	14258.87	23847.98
2	2	2	690	450	2048	1	104125.64	17279.7	20674.64
2	2	2	690	690	2048	1	96008.95	16016.63	19615.52
2	2	2	690	930	2048	1	86723.37	14594.64	18468.23
2	2	2	690	1170	2048	1	85497.5	14468.12	19410.39
2	2	2	690	1410	2048	1	83997.6	14248.48	23582.23
2	2	2	930	450	2048	1	102285.28	17266.52	20377.84
2	2	2	930	690	2048	1	94411.41	16037.64	19249.42
2	2	2	930	930	2048	1	85524.63	14724.15	18240.31
2	2	2	930	1170	2048	1	83047.1	14360.32	18827.41
2	2	2	930	1410	2048	1	81776.77	14171.01	23134.79
2	2	2	1170	450	2048	1	101085.29	18180.62	20188.23
2	2	2	1170	690	2048	1	91101.31	16507.07	18843.97
2	2	2	1170	930	2048	1	83471.95	15296.55	17928.27
2	2	2	1170	1170	2048	1	81808.7	14986.76	18782.26
2	2	2	1170	1410	2048	1	80408.94	14786.41	23171.27
2	2	2	1410	450	2048	1	100624.17	21810.91	20265.12
2	2	2	1410	690	2048	1	91044.26	19896.92	18817.91
2	2	2	1410	930	2048	1	83376.74	18495.54	17878.45
2	2	2	1410	1170	2048	1	82302.04	18271.76	18888.75
2	2	2	1410	1410	2048	1	81106.14	18026.16	23119.36
2	2	2	450	450	2048	4	157939.05	26955.08	34254.96
2	2	2	450	690	2048	4	141341.24	24443.54	32048.25
2	2	2	450	930	2048	4	127561.7	22325.08	30334.23
2	2	2	450	1170	2048	4	122508.82	21622.5	31366.62
2	2	2	450	1410	2048	4	121021.13	21391.22	38570.13
2	2	2	690	450	2048	4	155761.12	26699.62	34013.26
2	2	2	690	690	2048	4	142939.2	24803.77	32216.68
2	2	2	690	930	2048	4	125235.38	22229.58	29879.88
2	2	2	690	1170	2048	4	120899.96	21507.08	31070.17
2	2	2	690	1410	2048	4	119194.73	21261.68	38111.88
2	2	2	930	450	2048	4	153756.09	26950.95	33670.16
2	2	2	930	690	2048	4	140378.76	24879.91	31894.79
2	2	2	930	930	2048	4	123221.64	22215.02	29678.66
2	2	2	930	1170	2048	4	119625.6	21670.73	30855.51
2	2	2	930	1410	2048	4	117976.76	21425.32	37907.42
2	2	2	1170	450	2048	4	153700.64	28580.22	33714.5
2	2	2	1170	690	2048	4	140918.79	26537.46	31987.38
2	2	2	1170	930	2048	4	122669.16	23507.46	29616.98
2	2	2	1170	1170	2048	4	118714.31	22840.91	30813.64
2	2	2	1170	1410	2048	4	117952.31	22756.59	37948.48
2	2	2	1410	450	2048	4	154354.41	34714.13	33796.98
2	2	2	1410	690	2048	4	139987.09	31791.49	31782.65
2	2	2	1410	930	2048	4	122184.04	28407.73	29443.21
2	2	2	1410	1170	2048	4	117679.82	27565.08	30537.74
2	2	2	1410	1410	2048	4	116347.05	27344.09	37516.06
2	2	2	450	450	2048	8	165326.5	28390.57	35859.86
2	2	2	450	690	2048	8	152141.91	26417.28	33970.63
2	2	2	450	930	2048	8	134904.69	23845.02	31952.56
2	2	2	450	1170	2048	8	131292.3	23376.88	33270.47
2	2	2	450	1410	2048	8	129827.74	23137.48	40837.06
2	2	2	690	450	2048	8	164613.43	28426.82	35785.22
2	2	2	690	690	2048	8	150942.35	26427.6	33860.54
2	2	2	690	930	2048	8	134136.72	23890.02	31906.06
2	2	2	690	1170	2048	8	130304.89	23291.67	33227.85
2	2	2	690	1410	2048	8	127975.95	22954.88	40749.59
2	2	2	930	450	2048	8	163980.48	28827.29	35672.89
2	2	2	930	690	2048	8	149761.14	26674.29	33801.41
2	2	2	930	930	2048	8	132324.9	23955.14	31489.07
2	2	2	930	1170	2048	8	128663.42	23417.29	32953.48
2	2	2	930	1410	2048	8	126321.22	23047.66	40335.29
2	2	2	1170	450	2048	8	162246.84	30428.23	35484.12
2	2	2	1170	690	2048	8	149075.58	28271.62	33699.56
2	2	2	1170	930	2048	8	131587.05	25372.16	31579.27
2	2	2	1170	1170	2048	8	126992.73	24675.34	32679.95
2	2	2	1170	1410	2048	8	125426.84	24383.6	40217.15
2	2	2	1410	450	2048	8	162645.59	36783.1	35492.02
2	2	2	1410	690	2048	8	148583.2	34220.83	33585.86
2	2	2	1410	930	2048	8	130920.56	30662.02	31339.85
2	2	2	1410	1170	2048	8	126858.88	29892.07	32619.02
2	2	2	1410	1410	2048	8	124799.33	29420.2	39980.57
2	2	2	450	450	2048	16	179438.4	31027.41	38657.26
2	2	2	450	690	2048	16	166354.11	29126.39	37038.38
2	2	2	450	930	2048	16	148998.33	26524.95	34980.7
2	2	2	450	1170	2048	16	144026.29	25801.33	36484.55
2	2	2	450	1410	2048	16	143183.87	25649.98	44878.95
2	2	2	690	450	2048	16	177727.73	30996.94	38372.86
2	2	2	690	690	2048	16	163967.86	28944.54	36716.43
2	2	2	690	930	2048	16	146004.13	26320.57	34692.16
2	2	2	690	1170	2048	16	142792.47	25831.94	36389.08
2	2	2	690	1410	2048	16	140652.79	25498.99	44730.32
2	2	2	930	450	2048	16	175394.76	31192.94	38144.83
2	2	2	930	690	2048	16	162727.35	29294.89	36649.4
2	2	2	930	930	2048	16	144117.03	26439.59	34455.52
2	2	2	930	1170	2048	16	140696.4	25920.19	36187.25
2	2	2	930	1410	2048	16	139099.17	25651.8	44493.91
2	2	2	1170	450	2048	16	175005.15	33172.7	38257.2
2	2	2	1170	690	2048	16	162217.33	31004.33	36635.96
2	2	2	1170	930	2048	16	144345.38	28192.64	34442.91
2	2	2	1170	1170	2048	16	139797.75	27431.62	36030.79
2	2	2	1170	1410	2048	16	139806.59	27438.92	44770.51
2	2	2	1410	450	2048	16	174639.0	40012.07	38185.06
2	2	2	1410	690	2048	16	161860.96	37713.35	36487.2
2	2	2	1410	930	2048	16	143558.76	34057.32	34370.11
2	2	2	1410	1170	2048	16	139273.54	33260.41	35843.19
2	2	2	1410	1410	2048	16	136570.47	32752.79	43837.63
2	2	2	450	450	2048	32	203500.52	35720.17	43807.14
2	2	2	450	690	2048	32	192574.0	34276.41	42748.41
2	2	2	450	930	2048	32	174834.24	31633.06	41010.59
2	2	2	450	1170	2048	32	171442.58	31217.19	43217.7
2	2	2	450	1410	2048	32	168505.18	30699.92	53023.99
2	2	2	690	450	2048	32	200434.36	35469.84	43486.63
2	2	2	690	690	2048	32	189497.82	33979.97	42423.56
2	2	2	690	930	2048	32	172034.42	31440.98	40754.68
2	2	2	690	1170	2048	32	167415.98	30818.16	42607.02
2	2	2	690	1410	2048	32	165367.5	30402.98	52666.05
2	2	2	930	450	2048	32	198829.05	35839.89	43393.14
2	2	2	930	690	2048	32	188173.84	34239.45	42185.49
2	2	2	930	930	2048	32	170387.63	31638.0	40504.31
2	2	2	930	1170	2048	32	166388.73	31030.68	42510.8
2	2	2	930	1410	2048	32	164454.18	30750.01	52602.0
2	2	2	1170	450	2048	32	199188.25	38291.41	43330.02
2	2	2	1170	690	2048	32	186826.94	36328.09	42112.38
2	2	2	1170	930	2048	32	169813.19	33636.23	40461.8
2	2	2	1170	1170	2048	32	166088.46	32965.09	42462.78
2	2	2	1170	1410	2048	32	163131.03	32534.95	52204.32
2	2	2	1410	450	2048	32	197344.41	46007.02	43133.09
2	2	2	1410	690	2048	32	187655.37	44350.8	42129.9
2	2	2	1410	930	2048	32	168670.79	40653.22	40259.37
2	2	2	1410	1170	2048	32	167601.74	40566.92	42704.45
2	2	2	1410	1410	2048	32	162740.44	39488.71	52030.52
2	2	2	450	450	2048	64	257041.63	45673.07	54038.61
2	2	2	450	690	2048	64	243968.51	43740.02	52901.93
2	2	2	450	930	2048	64	226385.69	41365.86	51779.59
2	2	2	450	1170	2048	64	224179.05	41164.41	54895.33
2	2	2	450	1410	2048	64	222314.29	40878.8	67826.6
2	2	2	690	450	2048	64	253847.98	45478.48	53860.77
2	2	2	690	690	2048	64	240962.12	43699.2	52695.98
2	2	2	690	930	2048	64	223110.11	41294.13	51514.97
2	2	2	690	1170	2048	64	219392.9	40751.7	54202.12
2	2	2	690	1410	2048	64	218458.91	40539.91	67243.23
2	2	2	930	450	2048	64	251799.26	45946.7	53614.11
2	2	2	930	690	2048	64	239450.13	43641.09	51409.49
2	2	2	930	930	2048	64	220046.54	41341.64	50976.73
2	2	2	930	1170	2048	64	216985.86	40952.39	53979.74
2	2	2	930	1410	2048	64	215114.26	40623.7	66896.59
2	2	2	1170	450	2048	64	251890.76	48984.52	53814.53
2	2	2	1170	690	2048	64	238084.34	46730.55	52157.02
2	2	2	1170	930	2048	64	219184.23	43966.52	51126.78
2	2	2	1170	1170	2048	64	215918.83	43536.87	54022.6
2	2	2	1170	1410	2048	64	214121.11	43196.12	66920.75
2	2	2	1410	450	2048	64	248867.55	58975.94	53280.23
2	2	2	1410	690	2048	64	238761.25	57453.55	52729.57
2	2	2	1410	930	2048	64	216787.87	53410.77	50929.85
2	2	2	1410	1170	2048	64	214210.65	52962.98	53836.24
2	2	2	1410	1410	2048	64	212129.98	52544.95	66722.22
2	2	2	450	450	2048	128	450722.72	80659.4	94558.45
2	2	2	450	690	2048	128	425873.6	76861.18	91844.31
2	2	2	450	930	2048	128	389670.26	71610.88	88349.48
2	2	2	450	1170	2048	128	385778.69	71083.97	93938.77
2	2	2	450	1410	2048	128	390397.83	71638.54	117072.72
2	2	2	690	450	2048	128	444900.0	80112.11	93856.5
2	2	2	690	690	2048	128	419743.53	76473.38	91092.66
2	2	2	690	930	2048	128	383017.12	71256.03	87670.63
2	2	2	690	1170	2048	128	377606.05	70442.12	92883.34
2	2	2	690	1410	2048	128	372680.11	69783.22	114428.04
2	2	2	930	450	2048	128	434936.86	80000.52	92448.19
2	2	2	930	690	2048	128	411683.42	76396.61	90073.2
2	2	2	930	930	2048	128	375206.4	71084.12	86559.46
2	2	2	930	1170	2048	128	370146.95	70428.04	91728.27
2	2	2	930	1410	2048	128	370233.57	70348.15	114031.72
2	2	2	1170	450	2048	128	438604.94	85808.09	93095.95
2	2	2	1170	690	2048	128	408524.78	81186.02	89927.19
2	2	2	1170	930	2048	128	373465.79	75778.34	86748.62
2	2	2	1170	1170	2048	128	367499.42	74875.47	91883.15
2	2	2	1170	1410	2048	128	362315.69	73947.67	112916.09
2	2	2	1410	450	2048	128	431405.83	103177.77	92111.59
2	2	2	1410	690	2048	128	403221.07	98037.81	89444.77
2	2	2	1410	930	2048	128	376349.2	93130.24	87280.8
2	2	2	1410	1170	2048	128	367307.33	91453.38	91839.02
2	2	2	1410	1410	2048	128	364331.73	90956.59	113498.96
2	2	2	450	450	4096	1	107654.13	17680.64	21116.7
2	2	2	450	690	4096	1	99237.07	16473.34	20028.59
2	2	2	450	930	4096	1	88880.31	14910.98	18737.65
2	2	2	450	1170	4096	1	88747.64	14842.44	19911.28
2	2	2	450	1410	4096	1	86576.62	14548.09	23991.66
2	2	2	690	450	4096	1	105774.6	17516.29	20781.51
2	2	2	690	690	4096	1	97144.23	16179.14	19676.59
2	2	2	690	930	4096	1	87809.26	14821.05	18538.56
2	2	2	690	1170	4096	1	86635.18	14602.21	19589.9
2	2	2	690	1410	4096	1	88325.88	14895.63	24179.59
2	2	2	930	450	4096	1	103498.33	17512.51	20549.29
2	2	2	930	690	4096	1	95628.12	16292.23	19454.36
2	2	2	930	930	4096	1	85794.58	14752.35	18264.83
2	2	2	930	1170	4096	1	84907.1	14622.67	19194.2
2	2	2	930	1410	4096	1	83999.59	14494.66	23474.07
2	2	2	1170	450	4096	1	103290.8	18460.08	20510.74
2	2	2	1170	690	4096	1	95153.65	17153.45	19307.96
2	2	2	1170	930	4096	1	85526.62	15637.59	18256.48
2	2	2	1170	1170	4096	1	84877.68	15505.19	19302.79
2	2	2	1170	1410	4096	1	83678.37	15300.24	23524.68
2	2	2	1410	450	4096	1	103170.72	22342.12	20468.79
2	2	2	1410	690	4096	1	93713.08	20433.84	19248.83
2	2	2	1410	930	4096	1	86003.32	18961.2	18255.81
2	2	2	1410	1170	4096	1	84186.62	18744.38	19061.09
2	2	2	1410	1410	4096	1	83464.42	18487.34	23584.25
2	2	2	450	450	4096	4	165254.01	28163.15	35603.18
2	2	2	450	690	4096	4	148907.59	25789.82	33338.41
2	2	2	450	930	4096	4	135705.86	23810.06	31882.42
2	2	2	450	1170	4096	4	130042.33	22945.46	32880.3
2	2	2	450	1410	4096	4	128817.72	22812.73	40391.36
2	2	2	690	450	4096	4	164775.56	28324.12	35462.95
2	2	2	690	690	4096	4	151294.41	26327.12	33687.95
2	2	2	690	930	4096	4	133026.11	23585.98	31370.4
2	2	2	690	1170	4096	4	129495.8	23041.46	32746.76
2	2	2	690	1410	4096	4	127379.37	22742.89	40000.12
2	2	2	930	450	4096	4	162508.46	28551.95	35191.09
2	2	2	930	690	4096	4	149406.67	26492.73	33373.62
2	2	2	930	930	4096	4	132603.97	23886.19	31417.07
2	2	2	930	1170	4096	4	128376.81	23275.76	32660.52
2	2	2	930	1410	4096	4	126488.82	22907.77	40023.62
2	2	2	1170	450	4096	4	162728.15	30301.11	35252.92
2	2	2	1170	690	4096	4	148358.62	27980.94	33294.27
2	2	2	1170	930	4096	4	130656.27	25064.19	31029.0
2	2	2	1170	1170	4096	4	126685.57	24324.44	32288.7
2	2	2	1170	1410	4096	4	125086.41	24172.56	39804.3
2	2	2	1410	450	4096	4	160824.61	36340.65	34964.38
2	2	2	1410	690	4096	4	147162.59	33584.71	33212.7
2	2	2	1410	930	4096	4	128993.09	30042.67	30848.32
2	2	2	1410	1170	4096	4	126415.21	29589.88	32282.05
2	2	2	1410	1410	4096	4	124613.98	29203.55	39650.54
2	2	2	450	450	4096	8	181233.13	31121.71	38496.59
2	2	2	450	690	4096	8	163647.89	28526.91	36161.9
2	2	2	450	930	4096	8	151031.79	26549.59	34817.4
2	2	2	450	1170	4096	8	143246.1	25593.97	35819.09
2	2	2	450	1410	4096	8	140544.16	25105.62	43701.29
2	2	2	690	450	4096	8	176659.81	30664.21	38082.26
2	2	2	690	690	4096	8	162646.76	28635.26	36224.58
2	2	2	690	930	4096	8	145965.74	26101.38	34207.66
2	2	2	690	1170	4096	8	141080.04	25402.91	35646.8
2	2	2	690	1410	4096	8	138362.02	24987.45	43508.73
2	2	2	930	450	4096	8	173663.54	30786.16	37611.72
2	2	2	930	690	4096	8	162023.81	29020.06	36097.66
2	2	2	930	930	4096	8	143188.83	26030.48	33836.35
2	2	2	930	1170	4096	8	139920.98	25628.14	35540.16
2	2	2	930	1410	4096	8	138156.38	25334.59	43569.53
2	2	2	1170	450	4096	8	173058.84	32668.39	37571.76
2	2	2	1170	690	4096	8	159596.65	30427.23	35792.84
2	2	2	1170	930	4096	8	141408.8	27465.59	33621.26
2	2	2	1170	1170	4096	8	139643.49	27220.66	35437.27
2	2	2	1170	1410	4096	8	137652.95	26879.75	43398.21
2	2	2	1410	450	4096	8	172470.2	39342.84	37341.7
2	2	2	1410	690	4096	8	158776.98	36757.18	35541.47
2	2	2	1410	930	4096	8	143093.62	33713.91	33748.31
2	2	2	1410	1170	4096	8	138735.12	32860.41	35216.21
2	2	2	1410	1410	4096	8	137498.33	32717.75	43365.25
2	2	2	450	450	4096	16	203752.59	35454.86	43335.04
2	2	2	450	690	4096	16	189509.69	33446.33	41827.52
2	2	2	450	930	4096	16	171825.66	30819.62	39924.49
2	2	2	450	1170	4096	16	167672.66	30273.2	41880.95
2	2	2	450	1410	4096	16	165958.38	30064.79	51527.01
2	2	2	690	450	4096	16	199295.59	35084.58	42992.25
2	2	2	690	690	4096	16	186838.32	33236.34	41497.53
2	2	2	690	930	4096	16	168531.16	30586.93	39595.72
2	2	2	690	1170	4096	16	164669.24	30021.79	41426.86
2	2	2	690	1410	4096	16	163362.57	29843.3	51118.55
2	2	2	930	450	4096	16	199036.98	35557.78	42943.2
2	2	2	930	690	4096	16	185347.33	33539.48	41277.4
2	2	2	930	930	4096	16	167298.91	30874.55	39466.13
2	2	2	930	1170	4096	16	163077.13	30261.37	41359.63
2	2	2	930	1410	4096	16	162055.11	30066.96	51108.23
2	2	2	1170	450	4096	16	198292.47	37740.98	42796.95
2	2	2	1170	690	4096	16	185590.78	35800.12	41386.77
2	2	2	1170	930	4096	16	166435.36	32651.21	39356.18
2	2	2	1170	1170	4096	16	161951.72	31920.87	41217.23
2	2	2	1170	1410	4096	16	159600.51	31566.85	50375.15
2	2	2	1410	450	4096	16	197961.56	45636.34	42668.16
2	2	2	1410	690	4096	16	184746.09	43293.16	41137.7
2	2	2	1410	930	4096	16	165819.59	39669.31	39163.63
2	2	2	1410	1170	4096	16	162089.7	38990.09	41143.75
2	2	2	1410	1410	4096	16	161059.01	38749.64	50927.66
2	2	2	450	450	4096	32	250959.56	44550.41	53198.32
2	2	2	450	690	4096	32	238167.05	42675.63	52029.75
2	2	2	450	930	4096	32	220106.27	40180.81	50828.17
2	2	2	450	1170	4096	32	216976.65	39781.06	53617.54
2	2	2	450	1410	4096	32	213113.22	39302.25	65818.6
2	2	2	690	450	4096	32	246406.74	44075.51	52831.59
2	2	2	690	690	4096	32	233616.02	42272.28	51603.25
2	2	2	690	930	4096	32	216396.14	39878.52	50414.41
2	2	2	690	1170	4096	32	212193.02	39301.16	53148.7
2	2	2	690	1410	4096	32	210870.06	39080.41	65552.87
2	2	2	930	450	4096	32	242779.99	44120.76	52282.66
2	2	2	930	690	4096	32	226995.5	41785.36	50998.04
2	2	2	930	930	4096	32	214379.7	40138.99	50270.09
2	2	2	930	1170	4096	32	209533.33	39457.7	53025.03
2	2	2	930	1410	4096	32	206709.63	39014.83	65254.35
2	2	2	1170	450	4096	32	243688.23	47303.38	52484.31
2	2	2	1170	690	4096	32	231594.14	45351.71	51375.38
2	2	2	1170	930	4096	32	213356.82	42682.98	50181.49
2	2	2	1170	1170	4096	32	210005.22	42153.0	53054.01
2	2	2	1170	1410	4096	32	208752.64	41998.34	65568.55
2	2	2	1410	450	4096	32	242991.41	57368.3	52330.94
2	2	2	1410	690	4096	32	231175.15	55283.49	51484.38
2	2	2	1410	930	4096	32	213510.9	52131.66	50389.12
2	2	2	1410	1170	4096	32	209390.86	51419.02	52929.49
2	2	2	1410	1410	4096	32	206847.46	50872.45	65258.51
2	2	2	450	450	4096	64	345522.58	61973.09	71394.23
2	2	2	450	690	4096	64	328446.63	59483.58	70392.57
2	2	2	450	930	4096	64	311524.18	57346.8	69950.93
2	2	2	450	1170	4096	64	306321.23	56731.66	74221.81
2	2	2	450	1410	4096	64	304287.26	56569.88	91568.59
2	2	2	690	450	4096	64	339940.01	61495.52	70916.09
2	2	2	690	690	4096	64	326329.13	59570.62	69750.34
2	2	2	690	930	4096	64	305307.23	57073.02	69547.28
2	2	2	690	1170	4096	64	301295.09	56529.4	73578.16
2	2	2	690	1410	4096	64	299208.23	56267.9	91372.4
2	2	2	930	450	4096	64	335068.41	61912.85	70722.33
2	2	2	930	690	4096	64	320697.09	59803.24	69756.65
2	2	2	930	930	4096	64	300225.4	57055.36	68934.85
2	2	2	930	1170	4096	64	295896.67	56460.92	72976.73
2	2	2	930	1410	4096	64	295061.82	56373.42	90972.63
2	2	2	1170	450	4096	64	333854.44	65613.15	70501.47
2	2	2	1170	690	4096	64	320890.89	63821.12	69823.39
2	2	2	1170	930	4096	64	300066.19	60890.79	69200.58
2	2	2	1170	1170	4096	64	297299.64	60619.53	73530.74
2	2	2	1170	1410	4096	64	294767.91	60324.66	91245.76
2	2	2	1410	450	4096	64	333941.88	80215.33	70622.09
2	2	2	1410	690	4096	64	318832.68	77824.25	69726.74
2	2	2	1410	930	4096	64	299537.15	74582.27	69223.33
2	2	2	1410	1170	4096	64	296538.24	73947.83	73341.94
2	2	2	1410	1410	4096	64	293380.22	73329.08	90794.84
2	2	2	690	690	4096	128	530874.13	97837.72	112003.89
2	2	2	690	930	4096	128	490026.95	92141.49	109260.71
2	2	2	690	1170	4096	128	479589.75	90760.25	115212.87
2	2	2	690	1410	4096	128	475556.27	90351.27	142356.95
2	2	2	930	690	4096	128	514859.83	97222.2	110608.09
2	2	2	930	930	4096	128	480369.57	92328.81	108151.73
2	2	2	930	1170	4096	128	470551.49	90843.4	114031.6
2	2	2	930	1410	4096	128	466342.59	90150.64	140673.83
2	2	2	1170	690	4096	128	512522.01	103027.55	110085.7
2	2	2	1170	930	4096	128	474161.15	97373.82	107245.95
2	2	2	1170	1170	4096	128	469280.88	96760.95	114005.63
2	2	2	1170	1410	4096	128	465388.24	96225.56	141174.54
2	2	2	1410	690	4096	128	517320.27	127067.58	110684.7
2	2	2	1410	930	4096	128	472744.15	119372.12	107358.69
2	2	2	1410	1170	4096	128	464372.3	117843.61	113431.85
2	2	2	1410	1410	4096	128	461019.34	117144.03	140799.23
2	4	1	690	690	512	4	91855.81	15528.90	32264.20
2	4	1	690	1170	512	4	84451.71	14464.89	32439.16
2	4	1	690	1410	512	4	83639.69	14357.45	39095.12
2	4	1	1170	690	512	4	89196.94	16296.86	31473.74
2	4	1	1170	1170	512	4	82372.82	15205.77	31822.16
2	4	1	1170	1410	512	4	81720.76	15083.31	38390.16
2	4	1	1410	690	512	4	87729.58	19438.10	31075.79
2	4	1	1410	1170	512	4	82350.81	18402.43	31887.18
2	4	1	1410	1410	512	4	81301.66	18216.36	38355.39
2	4	1	690	690	512	32	116833.04	20277.01	41280.78
2	4	1	690	1170	512	32	110813.79	19345.28	42861.05
2	4	1	690	1410	512	32	109843.37	19226.05	51963.51
2	4	1	1170	690	512	32	114821.00	21575.62	40793.52
2	4	1	1170	1170	512	32	108122.40	20429.38	42116.91
2	4	1	1170	1410	512	32	107741.33	20538.58	51437.09
2	4	1	1410	690	512	32	114018.20	26024.48	40666.62
2	4	1	1410	1170	512	32	107099.29	24666.97	41722.62
2	4	1	1410	1410	512	32	107717.29	24891.79	51177.62
2	4	1	690	690	512	128	259944.33	45881.50	92385.69
2	4	1	690	1170	512	128	245467.82	43622.01	95507.57
2	4	1	690	1410	512	128	241400.77	43091.33	115694.44
2	4	1	1170	690	512	128	259799.41	49189.55	92599.67
2	4	1	1170	1170	512	128	236525.69	45592.14	92942.88
2	4	1	1170	1410	512	128	236637.68	45482.78	114271.57
2	4	1	1410	690	512	128	251596.47	58013.54	89866.72
2	4	1	1410	1170	512	128	241345.98	56310.27	94747.99
2	4	1	1410	1410	512	128	236785.38	55540.92	114607.12
2	4	1	690	690	2048	4	97648.40	16709.38	34383.51
2	4	1	690	1170	2048	4	90547.23	15618.33	34826.40
2	4	1	690	1410	2048	4	90176.46	15545.34	42453.99
2	4	1	1170	690	2048	4	95860.20	17598.91	33815.73
2	4	1	1170	1170	2048	4	89263.64	16497.76	34429.80
2	4	1	1170	1410	2048	4	88275.17	16363.34	41690.38
2	4	1	1410	690	2048	4	95049.74	21010.99	33544.00
2	4	1	1410	1170	2048	4	88171.99	19687.77	34124.27
2	4	1	1410	1410	2048	4	87791.12	19605.54	41407.84
2	4	1	690	690	2048	32	167529.89	29407.28	58549.73
2	4	1	690	1170	2048	32	161446.66	28635.19	61796.22
2	4	1	690	1410	2048	32	159042.01	28331.12	75041.03
2	4	1	1170	690	2048	32	164382.99	31056.19	58023.48
2	4	1	1170	1170	2048	32	157201.00	30015.86	60829.07
2	4	1	1170	1410	2048	32	156580.57	30036.67	74495.76
2	4	1	1410	690	2048	32	165125.46	37845.21	58404.80
2	4	1	1410	1170	2048	32	160305.67	37144.15	61967.55
2	4	1	1410	1410	2048	32	157143.90	36589.66	74727.22
2	4	1	690	690	2048	128	1659942.52	228613.78	427092.95
2	4	1	1170	1170	2048	128	359870.93	70808.03	138220.33
2	4	1	1170	1410	2048	128	359459.68	70707.86	169500.81
2	4	1	1410	690	2048	128	1650186.08	300466.55	426317.52
2	4	1	1410	1170	2048	128	360827.49	85805.35	138323.11
2	4	1	1410	1410	2048	128	358983.25	85640.91	169851.35
2	4	2	690	690	512	4	120064.59	21282.80	46111.65
2	4	2	690	1170	512	4	109466.62	19713.84	46237.64
2	4	2	690	1410	512	4	107710.30	19438.39	56103.98
2	4	2	1170	690	512	4	119466.61	22601.62	45965.22
2	4	2	1170	1170	512	4	107436.96	20652.27	45665.27
2	4	2	1170	1410	512	4	106330.63	20514.59	55783.40
2	4	2	1410	690	512	4	117955.30	27078.05	45621.71
2	4	2	1410	1170	512	4	107455.11	25029.62	45774.97
2	4	2	1410	1410	512	4	107342.98	25043.43	56116.40
2	4	2	690	690	512	32	149641.79	26883.69	56825.13
2	4	2	690	1170	512	32	136557.38	24869.24	57270.90
2	4	2	690	1410	512	32	135554.39	24645.90	69992.26
2	4	2	1170	690	512	32	147083.64	28311.20	56285.02
2	4	2	1170	1170	512	32	133299.72	26090.98	56389.71
2	4	2	1170	1410	512	32	131994.50	25915.91	69101.54
2	4	2	1410	690	512	32	145517.83	33868.82	55720.57
2	4	2	1410	1170	512	32	131677.64	31305.84	55878.63
2	4	2	1410	1410	512	32	131870.94	31400.41	69072.05
2	4	2	690	690	512	128	322976.15	58850.12	122638.48
2	4	2	690	1170	512	128	297038.79	54818.16	125050.57
2	4	2	690	1410	512	128	301904.04	55389.13	155836.56
2	4	2	1170	690	512	128	319254.07	62312.93	121849.16
2	4	2	1170	1170	512	128	296775.33	58607.50	124735.44
2	4	2	1170	1410	512	128	290886.97	57750.62	152128.24
2	4	2	1410	690	512	128	315647.63	75206.20	120889.77
2	4	2	1410	1170	512	128	289683.55	70323.03	123082.66
2	4	2	1410	1410	512	128	289134.08	70266.38	151764.74
2	4	2	690	690	2048	4	129995.20	23091.41	49416.48
2	4	2	690	1170	2048	4	116907.33	20923.09	49137.00
2	4	2	690	1410	2048	4	114796.09	20667.02	59594.49
2	4	2	1170	690	2048	4	126445.79	23997.60	48286.70
2	4	2	1170	1170	2048	4	114173.94	21857.30	48211.40
2	4	2	1170	1410	2048	4	114438.37	21981.27	59384.09
2	4	2	1410	690	2048	4	127257.37	29031.77	48583.84
2	4	2	1410	1170	2048	4	114860.47	26769.29	48477.61
2	4	2	1410	1410	2048	4	114278.52	26553.39	59338.28
2	4	2	690	690	2048	32	199191.63	36214.95	75106.45
2	4	2	690	1170	2048	32	185467.31	34176.18	77621.13
2	4	2	690	1410	2048	32	183980.77	33983.04	95052.45
2	4	2	1170	690	2048	32	196953.48	38286.21	74686.49
2	4	2	1170	1170	2048	32	185333.61	36512.06	77594.07
2	4	2	1170	1410	2048	32	184858.02	36343.44	95477.15
2	4	2	1410	690	2048	32	196860.78	46396.07	74627.44
2	4	2	1410	1170	2048	32	184695.46	44320.61	77140.88
2	4	2	1410	1410	2048	32	183934.07	44122.12	94984.91
2	4	2	1170	1170	2048	128	2587670.40	370148.24	696411.87
2	4	1	450	450	128	1	88279.16	14725.05	30846.88
2	4	1	450	690	128	1	82846.81	13919.31	29409.09
2	4	1	450	930	128	1	78049.82	13258.41	28621.41
2	4	1	450	1170	128	1	77092.52	13044.12	30063.96
2	4	1	450	1410	128	1	76272.63	12916.00	36174.03
2	4	1	690	450	128	1	87017.55	14645.82	30498.77
2	4	1	690	690	128	1	81706.21	13823.23	29178.16
2	4	1	690	930	128	1	77108.32	13173.55	28419.21
2	4	1	690	1170	128	1	75418.56	12896.02	29658.12
2	4	1	690	1410	128	1	74783.31	12845.45	35795.69
2	4	1	930	450	128	1	85336.85	14611.18	30114.72
2	4	1	930	690	128	1	79258.90	13710.41	28532.85
2	4	1	930	930	128	1	74532.62	13000.56	27588.85
2	4	1	930	1170	128	1	73740.00	12896.10	29111.31
2	4	1	930	1410	128	1	73272.97	12805.73	35302.16
2	4	1	1170	450	128	1	84463.58	15321.96	29785.65
2	4	1	1170	690	128	1	79311.37	14551.79	28662.14
2	4	1	1170	930	128	1	74222.77	13655.19	27518.98
2	4	1	1170	1170	128	1	73639.69	13613.41	29076.59
2	4	1	1170	1410	128	1	73451.09	13554.81	35138.13
2	4	1	1410	450	128	1	85181.02	18655.55	30023.42
2	4	1	1410	690	128	1	78723.86	17456.83	28308.17
2	4	1	1410	930	128	1	73852.49	16646.01	27424.46
2	4	1	1410	1170	128	1	72326.67	16187.19	28601.32
2	4	1	1410	1410	128	1	71615.65	16041.85	34756.65
2	4	1	450	450	128	4	93385.93	15628.50	32430.58
2	4	1	450	690	128	4	87050.83	14690.21	30820.17
2	4	1	450	930	128	4	82401.66	13975.73	29965.98
2	4	1	450	1170	128	4	80840.96	13739.78	31320.78
2	4	1	450	1410	128	4	79774.17	13550.76	37682.79
2	4	1	690	450	128	4	92517.91	15600.73	32134.90
2	4	1	690	690	128	4	86808.96	14770.97	30774.88
2	4	1	690	930	128	4	82135.43	14068.88	30031.00
2	4	1	690	1170	128	4	80354.58	13702.67	31206.23
2	4	1	690	1410	128	4	78997.21	13538.20	37366.29
2	4	1	930	450	128	4	90994.04	15660.92	31851.63
2	4	1	930	690	128	4	85479.38	14820.31	30415.06
2	4	1	930	930	128	4	81492.32	14213.08	29810.17
2	4	1	930	1170	128	4	79474.18	13827.48	30942.81
2	4	1	930	1410	128	4	77639.33	13591.91	36861.77
2	4	1	1170	450	128	4	90340.63	16438.34	31587.31
2	4	1	1170	690	128	4	85359.03	15647.97	30364.75
2	4	1	1170	930	128	4	79961.27	14670.06	29280.26
2	4	1	1170	1170	128	4	80177.15	14800.76	31061.17
2	4	1	1170	1410	128	4	77624.44	14367.03	36807.20
2	4	1	1410	450	128	4	91272.93	20079.92	31893.46
2	4	1	1410	690	128	4	85116.11	18862.18	30269.11
2	4	1	1410	930	128	4	79700.73	17789.73	29124.84
2	4	1	1410	1170	128	4	77722.77	17510.16	30274.95
2	4	1	1410	1410	128	4	77089.57	17345.23	36646.10
2	4	1	450	450	128	8	96699.71	16192.92	33467.73
2	4	1	450	690	128	8	90200.79	15201.24	31869.43
2	4	1	450	930	128	8	85366.52	14520.79	31034.20
2	4	1	450	1170	128	8	84584.38	14423.48	32729.80
2	4	1	450	1410	128	8	83560.47	14185.71	39265.45
2	4	1	690	450	128	8	94505.32	16038.06	32934.35
2	4	1	690	690	128	8	89304.60	15225.63	31668.03
2	4	1	690	930	128	8	84243.33	14475.48	30689.98
2	4	1	690	1170	128	8	83771.39	14352.28	32466.19
2	4	1	690	1410	128	8	81683.36	14035.43	38609.60
2	4	1	930	450	128	8	93181.63	16022.11	32578.72
2	4	1	930	690	128	8	88297.46	15379.49	31357.06
2	4	1	930	930	128	8	82915.84	14471.46	30374.70
2	4	1	930	1170	128	8	81338.51	14268.45	31589.90
2	4	1	930	1410	128	8	80333.91	14049.92	38191.90
2	4	1	1170	450	128	8	92755.69	16920.81	32469.84
2	4	1	1170	690	128	8	87366.26	16143.62	31099.59
2	4	1	1170	930	128	8	82315.29	15233.97	30160.62
2	4	1	1170	1170	128	8	79881.03	14858.88	31232.36
2	4	1	1170	1410	128	8	80199.89	14845.64	38031.13
2	4	1	1410	450	128	8	92209.11	20447.70	32217.29
2	4	1	1410	690	128	8	86961.45	19392.66	31056.84
2	4	1	1410	930	128	8	81207.07	18236.61	29850.39
2	4	1	1410	1170	128	8	80046.87	18020.16	31354.38
2	4	1	1410	1410	128	8	78897.41	17788.73	37591.50
2	4	1	450	450	128	16	100824.66	16988.41	35033.04
2	4	1	450	690	128	16	94401.26	15987.41	33312.93
2	4	1	450	930	128	16	89195.31	15193.37	32579.67
2	4	1	450	1170	128	16	91199.81	15602.62	35302.42
2	4	1	450	1410	128	16	87222.45	14967.79	41267.96
2	4	1	690	450	128	16	99298.54	16772.32	34670.03
2	4	1	690	690	128	16	92943.60	15851.66	32884.69
2	4	1	690	930	128	16	87872.38	15136.86	32167.87
2	4	1	690	1170	128	16	86553.13	14915.88	33662.63
2	4	1	690	1410	128	16	85363.41	14773.99	40541.17
2	4	1	930	450	128	16	97531.25	16838.79	34023.66
2	4	1	930	690	128	16	90724.97	15866.88	32403.77
2	4	1	930	930	128	16	86334.33	15177.81	31644.53
2	4	1	930	1170	128	16	84990.43	14997.55	33263.09
2	4	1	930	1410	128	16	84323.34	14840.30	40141.16
2	4	1	1170	450	128	16	97061.49	17826.97	33944.05
2	4	1	1170	690	128	16	90549.52	16667.38	32386.75
2	4	1	1170	930	128	16	85862.18	16066.38	31484.89
2	4	1	1170	1170	128	16	84727.19	15825.65	33065.46
2	4	1	1170	1410	128	16	83643.93	15617.74	39984.10
2	4	1	1410	450	128	16	96503.37	21405.44	33806.86
2	4	1	1410	690	128	16	89982.77	20210.99	32194.05
2	4	1	1410	930	128	16	84956.51	19244.37	31257.13
2	4	1	1410	1170	128	16	83445.80	19003.29	32600.15
2	4	1	1410	1410	128	16	82648.97	18775.64	39436.44
2	4	1	450	450	128	32	107721.92	18313.66	37305.45
2	4	1	450	690	128	32	102816.26	17537.52	36217.44
2	4	1	450	930	128	32	95608.42	16452.86	34727.26
2	4	1	450	1170	128	32	95396.57	16400.05	36941.30
2	4	1	450	1410	128	32	94921.78	16350.02	44996.41
2	4	1	690	450	128	32	104721.52	17921.23	36333.74
2	4	1	690	690	128	32	102086.07	17568.80	36163.30
2	4	1	690	930	128	32	94392.02	16443.16	34484.40
2	4	1	690	1170	128	32	93287.47	16207.75	36314.32
2	4	1	690	1410	128	32	93269.76	16275.63	44228.70
2	4	1	930	450	128	32	104079.64	18161.49	36190.62
2	4	1	930	690	128	32	98533.34	17359.98	35025.01
2	4	1	930	930	128	32	94174.33	16678.20	34347.31
2	4	1	930	1170	128	32	92067.26	16328.20	35759.70
2	4	1	930	1410	128	32	91118.55	16180.87	43431.02
2	4	1	1170	450	128	32	102712.69	19034.54	35742.55
2	4	1	1170	690	128	32	97650.16	18223.92	34884.74
2	4	1	1170	930	128	32	92993.25	17534.90	33905.55
2	4	1	1170	1170	128	32	91931.80	17283.24	35798.75
2	4	1	1170	1410	128	32	90669.21	17161.16	43169.71
2	4	1	1410	450	128	32	102023.50	23006.63	35738.90
2	4	1	1410	690	128	32	96991.27	22019.99	34587.15
2	4	1	1410	930	128	32	91979.00	21156.73	33717.02
2	4	1	1410	1170	128	32	93498.59	21528.70	36462.59
2	4	1	1410	1410	128	32	89696.34	20601.51	42677.79
2	4	1	450	450	128	64	120064.47	20559.92	41734.99
2	4	1	450	690	128	64	116468.75	20083.44	41246.30
2	4	1	450	930	128	64	111971.62	19353.63	40664.50
2	4	1	450	1170	128	64	113744.91	19535.23	43513.09
2	4	1	450	1410	128	64	109177.74	19008.93	52020.59
2	4	1	690	450	128	64	117473.42	20220.27	41083.30
2	4	1	690	690	128	64	116603.89	20339.10	41537.22
2	4	1	690	930	128	64	110488.47	19359.74	40466.95
2	4	1	690	1170	128	64	106667.31	18765.38	41675.24
2	4	1	690	1410	128	64	103630.31	18270.12	49622.75
2	4	1	930	450	128	64	116553.96	20468.16	40830.48
2	4	1	930	690	128	64	111948.33	19897.88	40022.10
2	4	1	930	930	128	64	105657.21	18976.44	38956.33
2	4	1	930	1170	128	64	104172.05	18691.91	40851.42
2	4	1	930	1410	128	64	101437.53	18273.68	49022.49
2	4	1	1170	450	128	64	118502.50	22169.82	41746.48
2	4	1	1170	690	128	64	110031.28	20764.14	39481.18
2	4	1	1170	930	128	64	110292.10	20644.71	40032.82
2	4	1	1170	1170	128	64	101193.47	19274.95	39855.83
2	4	1	1170	1410	128	64	101150.51	19306.85	48919.48
2	4	1	1410	450	128	64	115063.78	26251.99	40508.15
2	4	1	1410	690	128	64	109807.25	25270.95	39452.14
2	4	1	1410	930	128	64	103735.88	24072.30	38268.95
2	4	1	1410	1170	128	64	103778.07	24059.47	40927.84
2	4	1	1410	1410	128	64	101059.19	23414.46	49009.07
2	4	1	450	450	128	128	233793.19	40052.67	81215.80
2	4	1	450	690	128	128	224959.76	38788.61	79875.01
2	4	1	450	930	128	128	214172.82	37164.69	77994.83
2	4	1	450	1170	128	128	219825.93	37902.02	84442.17
2	4	1	450	1410	128	128	206067.88	35985.05	98392.52
2	4	1	690	450	128	128	229356.86	39683.29	80380.88
2	4	1	690	690	128	128	219406.85	38254.22	78294.91
2	4	1	690	930	128	128	210855.64	37049.03	77545.40
2	4	1	690	1170	128	128	204499.67	36060.02	80075.84
2	4	1	690	1410	128	128	201006.20	35551.16	97264.18
2	4	1	930	450	128	128	234224.18	40972.95	81607.48
2	4	1	930	690	128	128	217082.61	38548.41	77924.84
2	4	1	930	930	128	128	202767.17	36415.83	74843.16
2	4	1	930	1170	128	128	200367.02	36090.02	78778.52
2	4	1	930	1410	128	128	198142.28	35660.58	96330.15
2	4	1	1170	450	128	128	225133.00	42039.05	79450.59
2	4	1	1170	690	128	128	213256.43	40079.17	76591.95
2	4	1	1170	930	128	128	208201.47	39164.84	76209.38
2	4	1	1170	1170	128	128	200692.61	38200.07	79153.50
2	4	1	1170	1410	128	128	200576.58	38071.42	97055.87
2	4	1	1410	450	128	128	223671.02	50677.28	78857.77
2	4	1	1410	690	128	128	210517.65	48234.51	75832.45
2	4	1	1410	930	128	128	201927.22	46723.30	74953.08
2	4	1	1410	1170	128	128	199247.29	46227.54	78702.79
2	4	1	1410	1410	128	128	202469.07	46703.70	97850.52
2	4	1	450	450	128	256	461715.69	79134.59	160872.88
2	4	1	450	690	128	256	437666.32	75468.06	155637.38
2	4	1	450	930	128	256	415442.06	72200.85	151759.10
2	4	1	450	1170	128	256	412988.29	71728.34	160408.73
2	4	1	450	1410	128	256	400176.22	69903.33	192790.64
2	4	1	690	450	128	256	447645.04	77686.52	157380.33
2	4	1	690	690	128	256	431838.78	75120.94	153479.66
2	4	1	690	930	128	256	403934.39	71160.17	148903.66
2	4	1	690	1170	128	256	395587.84	69916.70	155329.77
2	4	1	690	1410	128	256	391786.48	69407.31	190546.59
2	4	1	930	450	128	256	448037.87	78945.33	157282.26
2	4	1	930	690	128	256	423018.12	75298.08	151563.45
2	4	1	930	930	128	256	393774.53	70913.29	145642.22
2	4	1	930	1170	128	256	387484.60	69802.97	152979.80
2	4	1	930	1410	128	256	389754.67	70180.39	189355.26
2	4	1	1170	450	128	256	437975.04	81850.73	154608.97
2	4	1	1170	690	128	256	411221.66	77547.91	147754.77
2	4	1	1170	930	128	256	393436.35	74716.32	145289.58
2	4	1	1170	1170	128	256	382430.58	73047.99	151362.85
2	4	1	1170	1410	128	256	377133.08	72373.24	185265.64
2	4	1	1410	450	128	256	432255.74	98456.71	153114.98
2	4	1	1410	690	128	256	417492.79	95479.48	149428.50
2	4	1	1410	930	128	256	392125.38	90900.35	145323.57
2	4	1	1410	1170	128	256	385341.01	89702.87	152486.89
2	4	1	1410	1410	128	256	374251.68	87491.80	184030.70
2	4	1	450	450	512	1	89173.88	14974.41	31164.07
2	4	1	450	690	512	1	83858.43	14081.92	29782.81
2	4	1	450	930	512	1	78038.41	13243.62	28583.09
2	4	1	450	1170	512	1	77005.68	13062.02	30089.52
2	4	1	450	1410	512	1	76431.82	13018.56	36538.24
2	4	1	690	450	512	1	87727.21	14814.34	30654.70
2	4	1	690	690	512	1	82775.10	14048.70	29568.60
2	4	1	690	930	512	1	77317.85	13229.67	28274.39
2	4	1	690	1170	512	1	76099.98	13107.76	29778.44
2	4	1	690	1410	512	1	75236.54	12925.88	36119.29
2	4	1	930	450	512	1	85880.82	14757.41	30129.77
2	4	1	930	690	512	1	81104.85	14015.65	29119.00
2	4	1	930	930	512	1	75673.26	13196.20	27833.13
2	4	1	930	1170	512	1	74572.05	13015.91	29356.70
2	4	1	930	1410	512	1	73647.59	12821.76	35488.27
2	4	1	1170	450	512	1	84874.71	15427.84	29866.58
2	4	1	1170	690	512	1	80355.56	14701.84	28895.91
2	4	1	1170	930	512	1	74522.07	13694.00	27570.09
2	4	1	1170	1170	512	1	73764.38	13658.66	29088.26
2	4	1	1170	1410	512	1	73420.34	13518.93	35300.84
2	4	1	1410	450	512	1	84858.61	18441.10	29799.71
2	4	1	1410	690	512	1	79886.72	17549.01	28721.02
2	4	1	1410	930	512	1	74845.92	16591.02	27719.19
2	4	1	1410	1170	512	1	73831.92	16372.88	29127.13
2	4	1	1410	1410	512	1	74159.86	16521.11	35647.10
2	4	1	450	450	512	4	96729.40	16163.12	33399.27
2	4	1	450	690	512	4	91688.98	15435.29	32193.70
2	4	1	450	930	512	4	84870.34	14385.17	30655.63
2	4	1	450	1170	512	4	83699.45	14289.21	32308.14
2	4	1	450	1410	512	4	83223.76	14200.12	39398.64
2	4	1	690	450	512	4	94927.68	16043.97	32885.32
2	4	1	690	930	512	4	84488.72	14445.20	30646.01
2	4	1	930	450	512	4	93266.93	16067.30	32404.33
2	4	1	930	690	512	4	87659.66	15210.33	31081.38
2	4	1	930	930	512	4	83443.75	14504.27	30317.98
2	4	1	930	1170	512	4	81460.35	14250.95	31639.99
2	4	1	930	1410	512	4	80491.09	13986.12	38129.26
2	4	1	1170	450	512	4	93645.41	17087.99	32543.12
2	4	1	1170	930	512	4	85884.60	15608.80	30841.67
2	4	1	1410	450	512	4	93140.96	20372.89	32402.16
2	4	1	1410	930	512	4	82282.61	18263.18	29954.18
2	4	1	450	450	512	8	101070.59	16936.84	34850.30
2	4	1	450	690	512	8	97921.93	16560.57	34458.70
2	4	1	450	930	512	8	89716.91	15341.68	32398.19
2	4	1	450	1170	512	8	87855.24	15009.94	33923.11
2	4	1	450	1410	512	8	86785.96	14774.23	40993.22
2	4	1	690	450	512	8	99192.34	16870.49	34379.15
2	4	1	690	690	512	8	93905.26	15993.84	33159.18
2	4	1	690	930	512	8	88200.85	15176.19	32005.13
2	4	1	690	1170	512	8	86597.56	14927.41	33547.64
2	4	1	690	1410	512	8	88594.34	15156.41	41512.33
2	4	1	930	450	512	8	97436.17	16809.94	33859.05
2	4	1	930	690	512	8	92298.51	16022.75	32648.83
2	4	1	930	930	512	8	86056.70	15058.09	31361.88
2	4	1	930	1170	512	8	85611.36	14986.75	33227.33
2	4	1	930	1410	512	8	84785.04	14860.85	40263.73
2	4	1	1170	450	512	8	96826.65	17691.55	33698.20
2	4	1	1170	690	512	8	92293.55	16932.91	32724.87
2	4	1	1170	930	512	8	85588.02	15828.35	31254.97
2	4	1	1170	1170	512	8	83871.15	15565.19	32687.05
2	4	1	1170	1410	512	8	84399.53	15654.70	40104.77
2	4	1	1410	450	512	8	96493.44	21216.92	33683.73
2	4	1	1410	690	512	8	91947.75	20331.44	32597.17
2	4	1	1410	930	512	8	86391.08	19246.57	31454.60
2	4	1	1410	1170	512	8	85192.29	19110.80	33147.46
2	4	1	1410	1410	512	8	83571.46	18659.47	39677.09
2	4	1	450	450	512	16	109448.40	18594.56	37887.38
2	4	1	450	690	512	16	103600.98	17662.48	36498.05
2	4	1	450	930	512	16	97457.37	16700.68	35296.21
2	4	1	450	1170	512	16	97032.61	16691.69	37480.75
2	4	1	450	1410	512	16	95351.46	16404.59	45161.94
2	4	1	690	450	512	16	111153.42	18949.66	38422.73
2	4	1	690	690	512	16	101925.88	17462.45	36031.25
2	4	1	690	930	512	16	96269.71	16639.67	34943.61
2	4	1	690	1170	512	16	94691.41	16481.77	36679.30
2	4	1	690	1410	512	16	93825.68	16304.30	44664.01
2	4	1	930	450	512	16	106054.06	18395.91	36914.33
2	4	1	930	690	512	16	100917.09	17602.72	35710.95
2	4	1	930	930	512	16	95029.27	16751.28	34641.41
2	4	1	930	1170	512	16	93647.34	16572.99	36490.22
2	4	1	930	1410	512	16	92568.41	16408.49	44206.34
2	4	1	1170	450	512	16	105351.63	19423.32	36641.62
2	4	1	1170	690	512	16	100134.80	18416.99	35543.58
2	4	1	1170	930	512	16	94339.55	17553.49	34541.07
2	4	1	1170	1170	512	16	92059.13	17299.68	35967.99
2	4	1	1170	1410	512	16	91729.94	17090.45	43855.68
2	4	1	1410	450	512	16	104316.00	23224.44	36490.58
2	4	1	1410	690	512	16	101699.76	22755.75	36182.34
2	4	1	1410	930	512	16	92704.65	20889.20	33968.04
2	4	1	1410	1170	512	16	92498.11	20921.50	36085.57
2	4	1	1410	1410	512	16	90555.18	20637.99	43425.36
2	4	1	450	450	512	32	123900.54	21104.12	42703.47
2	4	1	450	690	512	32	117249.13	20116.33	41165.83
2	4	1	450	930	512	32	113976.74	19667.86	41119.10
2	4	1	450	1170	512	32	112075.12	19430.74	43195.68
2	4	1	450	1410	512	32	111876.52	19362.91	52752.41
2	4	1	690	450	512	32	121497.10	20973.68	42129.90
2	4	1	690	930	512	32	111907.46	19478.17	40646.63
2	4	1	930	450	512	32	119443.44	20946.84	41534.54
2	4	1	930	690	512	32	114958.54	20294.60	40589.23
2	4	1	930	930	512	32	109528.31	19520.66	39970.95
2	4	1	930	1170	512	32	108522.20	19396.63	42183.64
2	4	1	930	1410	512	32	106009.29	19003.73	50624.18
2	4	1	1170	450	512	32	121658.43	22582.20	42365.97
2	4	1	1170	930	512	32	109568.00	20620.27	40089.52
2	4	1	1410	450	512	32	118223.23	26542.21	41067.73
2	4	1	1410	930	512	32	108312.61	24846.08	39554.12
2	4	1	450	450	512	64	151539.65	26161.70	52152.33
2	4	1	450	690	512	64	146493.71	25234.04	51169.66
2	4	1	450	930	512	64	139356.62	24311.08	50135.59
2	4	1	450	1170	512	64	138283.90	24052.37	53193.09
2	4	1	450	1410	512	64	136888.94	23974.12	64818.84
2	4	1	690	450	512	64	146988.31	25522.22	50855.06
2	4	1	690	690	512	64	143645.66	25153.80	50617.84
2	4	1	690	930	512	64	135524.12	23907.29	49327.59
2	4	1	690	1170	512	64	133006.37	23561.95	51694.56
2	4	1	690	1410	512	64	131985.28	23411.84	63207.99
2	4	1	930	450	512	64	144675.64	25584.67	50402.09
2	4	1	930	690	512	64	139230.58	24941.92	49464.06
2	4	1	930	930	512	64	132868.34	23912.98	48570.67
2	4	1	930	1170	512	64	131406.88	23655.93	51222.64
2	4	1	930	1410	512	64	133935.11	23877.30	63157.00
2	4	1	1170	450	512	64	145149.71	27171.91	50673.22
2	4	1	1170	690	512	64	137568.18	25943.00	48892.44
2	4	1	1170	930	512	64	131909.46	25106.64	48283.45
2	4	1	1170	1170	512	64	130953.37	24982.27	51163.23
2	4	1	1170	1410	512	64	129960.13	24833.77	62304.93
2	4	1	1410	450	512	64	141863.95	32295.27	49586.91
2	4	1	1410	690	512	64	138063.18	31695.07	49073.07
2	4	1	1410	930	512	64	131110.35	30467.95	48054.65
2	4	1	1410	1170	512	64	131597.35	30614.91	51431.91
2	4	1	1410	1410	512	64	127419.67	29795.76	61593.53
2	4	1	450	450	512	128	278363.54	48042.24	95965.48
2	4	1	450	690	512	128	266414.22	46224.38	93570.27
2	4	1	450	930	512	128	254414.13	44400.43	91905.62
2	4	1	450	1170	512	128	258599.75	44917.52	98961.85
2	4	1	450	1410	512	128	250353.12	43944.81	119144.29
2	4	1	690	450	512	128	269571.14	47066.54	93764.02
2	4	1	690	930	512	128	246400.31	43784.20	90122.48
2	4	1	930	450	512	128	263704.60	46915.31	92103.69
2	4	1	930	690	512	128	255452.70	45755.36	90435.44
2	4	1	930	930	512	128	242089.34	43759.66	88756.62
2	4	1	930	1170	512	128	238831.25	43329.67	93370.31
2	4	1	930	1410	512	128	241012.73	43457.58	115313.42
2	4	1	1170	450	512	128	263889.04	49646.26	92340.22
2	4	1	1170	930	512	128	239788.74	45931.49	88070.53
2	4	1	1410	450	512	128	262015.93	59960.86	91733.14
2	4	1	1410	930	512	128	239977.33	56005.79	88160.67
2	4	1	450	450	512	256	518310.31	89728.63	178580.77
2	4	1	450	690	512	256	505141.05	87667.52	176962.45
2	4	1	450	930	512	256	476068.54	83319.06	171697.49
2	4	1	450	1170	512	256	473650.29	83105.89	182745.17
2	4	1	450	1410	512	256	466392.15	82043.60	222173.18
2	4	1	690	450	512	256	508532.80	88814.21	176622.15
2	4	1	690	690	512	256	484851.81	85442.65	171451.98
2	4	1	690	930	512	256	458130.89	81505.68	167049.39
2	4	1	690	1170	512	256	448225.89	79973.51	174719.56
2	4	1	690	1410	512	256	446193.86	80014.18	215356.08
2	4	1	930	450	512	256	497396.17	88609.55	173516.55
2	4	1	930	690	512	256	471896.50	85017.29	168318.46
2	4	1	930	930	512	256	444291.43	80888.22	163394.85
2	4	1	930	1170	512	256	439306.44	80151.31	172505.28
2	4	1	930	1410	512	256	442544.52	80508.74	213507.92
2	4	1	1170	450	512	256	489183.37	92506.20	171519.45
2	4	1	1170	690	512	256	473889.03	90204.64	168779.66
2	4	1	1170	930	512	256	448399.81	86309.51	164662.77
2	4	1	1170	1170	512	256	444207.19	85549.77	173399.78
2	4	1	1170	1410	512	256	443690.31	85722.73	214869.70
2	4	1	1410	450	512	256	491223.35	112958.50	172471.05
2	4	1	1410	690	512	256	468065.86	108577.58	167075.24
2	4	1	1410	930	512	256	446792.35	104583.25	163604.27
2	4	1	1410	1170	512	256	448300.48	105486.30	176098.52
2	4	1	1410	1410	512	256	433880.21	102232.09	210756.31
2	4	1	450	450	1024	1	89636.78	14970.59	31212.57
2	4	1	450	690	1024	1	85282.43	14372.39	30204.65
2	4	1	450	930	1024	1	80118.71	13537.88	29161.52
2	4	1	450	1170	1024	1	78789.81	13288.24	30623.08
2	4	1	450	1410	1024	1	77837.05	13287.58	36966.78
2	4	1	690	450	1024	1	88006.01	14811.72	30655.47
2	4	1	690	690	1024	1	83353.02	14117.91	29598.05
2	4	1	690	930	1024	1	78462.57	13397.38	28622.81
2	4	1	690	1170	1024	1	77332.61	13160.97	30215.08
2	4	1	690	1410	1024	1	76591.35	13145.32	36393.27
2	4	1	930	450	1024	1	87618.35	14973.64	30603.79
2	4	1	930	690	1024	1	82876.39	14329.59	29504.29
2	4	1	930	930	1024	1	77546.04	13484.11	28350.47
2	4	1	930	1170	1024	1	76046.02	13181.03	29745.18
2	4	1	930	1410	1024	1	75154.07	13127.31	35917.93
2	4	1	1170	450	1024	1	86148.74	15549.18	30216.45
2	4	1	1170	690	1024	1	81402.88	14773.94	29153.55
2	4	1	1170	930	1024	1	76930.21	14068.34	28196.48
2	4	1	1170	1170	1024	1	75192.29	13827.79	29374.33
2	4	1	1170	1410	1024	1	74433.32	13718.71	35725.67
2	4	1	1410	450	1024	1	85769.26	18617.23	30152.16
2	4	1	1410	690	1024	1	81252.80	17868.88	29003.73
2	4	1	1410	930	1024	1	76300.85	16833.19	27936.77
2	4	1	1410	1170	1024	1	75295.51	16698.78	29518.39
2	4	1	1410	1410	1024	1	74644.23	16552.12	35726.24
2	4	1	450	450	1024	4	99642.47	16691.12	34231.20
2	4	1	450	690	1024	4	93696.08	15782.48	32935.27
2	4	1	450	930	1024	4	88950.21	15151.91	31997.76
2	4	1	450	1170	1024	4	86935.11	14746.44	33511.50
2	4	1	450	1410	1024	4	85956.57	14674.79	40150.34
2	4	1	690	450	1024	4	97706.64	16502.63	33838.26
2	4	1	690	690	1024	4	91864.85	15691.80	32264.88
2	4	1	690	930	1024	4	86889.48	14889.18	31537.69
2	4	1	690	1170	1024	4	84880.76	14544.47	32788.15
2	4	1	690	1410	1024	4	83951.64	14448.41	39595.24
2	4	1	930	450	1024	4	96187.93	16551.51	33361.94
2	4	1	930	690	1024	4	90045.32	15622.87	31778.57
2	4	1	930	930	1024	4	85608.52	14925.63	31066.08
2	4	1	930	1170	1024	4	86024.54	15023.18	33266.68
2	4	1	930	1410	1024	4	82847.94	14504.55	39220.21
2	4	1	1170	450	1024	4	95128.42	17269.27	33047.81
2	4	1	1170	690	1024	4	89996.12	16506.92	31854.00
2	4	1	1170	930	1024	4	84247.63	15499.88	30666.20
2	4	1	1170	1170	1024	4	82687.96	15311.59	32082.84
2	4	1	1170	1410	1024	4	82041.88	15214.65	38921.52
2	4	1	1410	450	1024	4	94955.17	20791.98	33064.15
2	4	1	1410	690	1024	4	89244.00	19635.45	31623.62
2	4	1	1410	930	1024	4	84206.18	18820.59	30613.46
2	4	1	1410	1170	1024	4	83250.33	18616.06	32217.70
2	4	1	1410	1410	1024	4	81557.47	18252.16	38747.38
2	4	1	450	450	1024	8	106074.29	17877.34	36554.39
2	4	1	450	690	1024	8	99332.13	16861.34	34977.78
2	4	1	450	930	1024	8	94346.82	16182.46	34081.38
2	4	1	450	1170	1024	8	92681.73	15880.48	35728.77
2	4	1	450	1410	1024	8	91659.30	15766.33	43326.38
2	4	1	690	450	1024	8	109938.61	18464.30	37428.42
2	4	1	690	690	1024	8	98609.76	16869.52	34854.21
2	4	1	690	930	1024	8	93058.59	16076.34	33768.06
2	4	1	690	1170	1024	8	92585.57	16000.27	35737.51
2	4	1	690	1410	1024	8	89631.36	15514.86	42709.55
2	4	1	930	450	1024	8	102052.52	17690.84	35589.55
2	4	1	930	690	1024	8	98368.16	17159.04	34720.45
2	4	1	930	930	1024	8	92461.63	16205.91	33690.97
2	4	1	930	1170	1024	8	90469.82	15945.55	34977.87
2	4	1	930	1410	1024	8	89661.55	15816.92	42456.75
2	4	1	1170	450	1024	8	102449.13	18688.61	35677.38
2	4	1	1170	690	1024	8	97219.04	17931.81	34460.52
2	4	1	1170	930	1024	8	90662.72	16850.30	32941.52
2	4	1	1170	1170	1024	8	88605.51	16513.23	34518.51
2	4	1	1170	1410	1024	8	89303.36	16664.65	42422.38
2	4	1	1410	450	1024	8	102616.65	22638.16	35689.12
2	4	1	1410	690	1024	8	97598.99	21600.30	34603.34
2	4	1	1410	930	1024	8	91290.33	20560.20	33170.74
2	4	1	1410	1170	1024	8	89487.78	20083.66	34728.13
2	4	1	1410	1410	1024	8	92390.05	20563.73	43457.86
2	4	1	450	450	1024	16	120793.65	20517.76	41575.66
2	4	1	450	690	1024	16	114961.51	19716.10	40339.29
2	4	1	450	930	1024	16	108285.30	18672.78	39143.28
2	4	1	450	1170	1024	16	108066.93	18537.05	41638.00
2	4	1	450	1410	1024	16	106639.99	18418.84	50368.37
2	4	1	690	450	1024	16	118831.96	20430.88	41170.52
2	4	1	690	690	1024	16	112866.67	19425.30	39798.50
2	4	1	690	930	1024	16	106569.00	18569.32	38819.13
2	4	1	690	1170	1024	16	104959.48	18373.86	40684.50
2	4	1	690	1410	1024	16	103754.82	18119.89	49456.34
2	4	1	930	450	1024	16	116948.92	20388.59	40699.43
2	4	1	930	690	1024	16	110634.30	19432.34	39220.13
2	4	1	930	930	1024	16	105571.41	18767.90	38483.23
2	4	1	930	1170	1024	16	104515.94	18626.11	40598.77
2	4	1	930	1410	1024	16	103183.04	18279.45	49156.48
2	4	1	1170	450	1024	16	116676.40	21576.59	40699.62
2	4	1	1170	690	1024	16	111006.06	20566.46	39313.04
2	4	1	1170	930	1024	16	107522.04	20167.70	39261.85
2	4	1	1170	1170	1024	16	103863.79	19503.89	40422.68
2	4	1	1170	1410	1024	16	101895.64	19145.92	48672.44
2	4	1	1410	450	1024	16	115287.99	25686.27	40227.96
2	4	1	1410	690	1024	16	109753.41	24687.75	39049.23
2	4	1	1410	930	1024	16	103917.61	23579.71	38013.76
2	4	1	1410	1170	1024	16	102138.11	23229.38	39953.43
2	4	1	1410	1410	1024	16	101528.20	23177.69	48704.89
2	4	1	450	450	1024	32	141717.11	24317.33	48628.84
2	4	1	450	690	1024	32	136860.77	23622.30	47853.83
2	4	1	450	930	1024	32	131552.69	22814.45	47292.68
2	4	1	450	1170	1024	32	129379.66	22537.86	49489.76
2	4	1	450	1410	1024	32	128481.85	22420.96	60435.12
2	4	1	690	450	1024	32	137825.27	23971.99	47675.58
2	4	1	690	690	1024	32	133046.04	23224.59	46803.20
2	4	1	690	930	1024	32	126986.77	22326.75	46020.05
2	4	1	690	1170	1024	32	125869.80	22221.10	48676.30
2	4	1	690	1410	1024	32	125343.21	22196.59	59429.74
2	4	1	930	450	1024	32	135507.43	23937.38	47040.42
2	4	1	930	690	1024	32	134087.78	23813.53	47333.01
2	4	1	930	930	1024	32	125748.55	22598.75	45801.48
2	4	1	930	1170	1024	32	124103.06	22306.16	48187.42
2	4	1	930	1410	1024	32	123757.07	22217.00	58854.80
2	4	1	1170	450	1024	32	135320.70	25305.47	47048.33
2	4	1	1170	690	1024	32	129883.42	24416.26	46019.27
2	4	1	1170	930	1024	32	124899.35	23690.26	45559.77
2	4	1	1170	1170	1024	32	123661.90	23600.37	48005.73
2	4	1	1170	1410	1024	32	123202.19	23484.98	58785.52
2	4	1	1410	450	1024	32	134895.35	30517.23	46947.63
2	4	1	1410	690	1024	32	130463.36	29753.16	46180.95
2	4	1	1410	930	1024	32	124742.69	28730.91	45471.34
2	4	1	1410	1170	1024	32	123421.50	28406.87	47982.75
2	4	1	1410	1410	1024	32	121743.68	28196.54	58241.14
2	4	1	450	450	1024	64	186459.51	32286.88	63795.72
2	4	1	450	690	1024	64	179069.67	31152.13	62317.07
2	4	1	450	930	1024	64	172044.38	30277.42	61560.88
2	4	1	450	1170	1024	64	174783.23	30329.80	65871.53
2	4	1	450	1410	1024	64	170079.11	29934.79	79888.54
2	4	1	690	450	1024	64	178903.27	31324.37	61713.77
2	4	1	690	690	1024	64	173574.51	30572.30	60938.17
2	4	1	690	930	1024	64	167132.86	29733.33	60328.82
2	4	1	690	1170	1024	64	165850.01	29546.41	64105.88
2	4	1	690	1410	1024	64	164688.94	29434.91	78252.47
2	4	1	930	450	1024	64	175885.35	31400.38	61085.04
2	4	1	930	690	1024	64	170709.22	30660.59	60111.91
2	4	1	930	930	1024	64	163535.13	29750.83	59510.80
2	4	1	930	1170	1024	64	162635.55	29600.41	63142.74
2	4	1	930	1410	1024	64	161090.43	29349.78	76911.14
2	4	1	1170	450	1024	64	174556.14	33020.09	60676.57
2	4	1	1170	690	1024	64	169652.55	32193.80	60063.09
2	4	1	1170	930	1024	64	163760.88	31417.09	59651.24
2	4	1	1170	1170	1024	64	161999.69	31176.80	62964.88
2	4	1	1170	1410	1024	64	160795.43	31013.02	76869.07
2	4	1	1410	450	1024	64	175425.39	40188.00	60962.70
2	4	1	1410	690	1024	64	169055.93	39173.62	59754.43
2	4	1	1410	930	1024	64	163163.99	38152.31	59463.18
2	4	1	1410	1170	1024	64	160592.76	37636.53	62576.18
2	4	1	1410	1410	1024	64	160054.39	37596.34	76725.55
2	4	1	450	450	1024	128	327819.97	56699.80	111144.16
2	4	1	450	690	1024	128	307643.62	53816.41	106832.93
2	4	1	450	930	1024	128	298490.00	52562.96	106658.29
2	4	1	450	1170	1024	128	292500.68	51658.99	111700.88
2	4	1	450	1410	1024	128	289933.74	51341.41	136330.14
2	4	1	690	450	1024	128	308785.59	54370.91	106407.77
2	4	1	690	690	1024	128	297034.08	52676.62	103999.98
2	4	1	690	930	1024	128	285932.20	51235.90	103209.23
2	4	1	690	1170	1024	128	282681.01	50797.71	108936.09
2	4	1	690	1410	1024	128	286502.76	51161.59	135087.88
2	4	1	930	450	1024	128	300323.81	54044.81	104240.38
2	4	1	930	690	1024	128	293446.37	53172.44	103585.03
2	4	1	930	930	1024	128	278481.63	50929.44	101200.54
2	4	1	930	1170	1024	128	274192.39	50302.14	106524.62
2	4	1	930	1410	1024	128	277333.44	50941.94	132674.30
2	4	1	1170	450	1024	128	298800.27	56899.42	103963.96
2	4	1	1170	690	1024	128	289506.37	55565.48	102490.47
2	4	1	1170	930	1024	128	277063.72	53794.67	101031.20
2	4	1	1170	1170	1024	128	274326.01	53229.06	106702.01
2	4	1	1170	1410	1024	128	274430.71	53062.59	130435.53
2	4	1	1410	450	1024	128	299882.68	69415.54	104272.28
2	4	1	1410	690	1024	128	287969.90	67372.84	101927.80
2	4	1	1410	930	1024	128	275396.59	65104.80	100362.50
2	4	1	1410	1170	1024	128	272800.87	64670.36	106329.60
2	4	1	1410	1410	1024	128	269628.94	63994.70	129477.71
2	4	1	930	930	1024	256	503302.10	92653.55	183301.68
2	4	1	930	1170	1024	256	491021.88	90720.43	190938.27
2	4	1	930	1410	1024	256	497328.32	91289.05	237111.27
2	4	1	1170	930	1024	256	498142.38	96972.12	181933.72
2	4	1	1170	1170	1024	256	490430.94	95839.17	190593.48
2	4	1	1170	1410	1024	256	486245.98	95210.16	233628.70
2	4	1	1410	930	1024	256	506139.42	119632.09	183891.27
2	4	1	1410	1170	1024	256	490833.05	116846.16	190986.10
2	4	1	1410	1410	1024	256	485072.58	115800.81	233688.69
2	4	1	450	450	2048	1	90906.15	15219.19	31564.86
2	4	1	450	690	2048	1	86709.96	14494.47	30510.80
2	4	1	450	930	2048	1	81346.14	13757.49	29468.27
2	4	1	450	1170	2048	1	79989.92	13538.37	30924.25
2	4	1	450	1410	2048	1	79473.74	13410.75	37537.84
2	4	1	690	450	2048	1	89615.42	15110.85	31160.82
2	4	1	690	690	2048	1	85276.27	14413.47	30050.89
2	4	1	690	930	2048	1	80396.36	13688.41	29169.13
2	4	1	690	1170	2048	1	78351.24	13407.09	30426.03
2	4	1	690	1410	2048	1	77220.80	13171.68	36763.45
2	4	1	930	450	2048	1	88932.85	15227.03	30949.05
2	4	1	930	690	2048	1	84046.69	14453.83	29790.25
2	4	1	930	930	2048	1	78428.54	13609.67	28604.94
2	4	1	930	1170	2048	1	76691.96	13314.35	29922.98
2	4	1	930	1410	2048	1	76807.17	13371.41	36611.95
2	4	1	1170	450	2048	1	87720.64	15918.20	30630.84
2	4	1	1170	690	2048	1	83752.83	15284.61	29669.12
2	4	1	1170	930	2048	1	77834.01	14272.80	28494.90
2	4	1	1170	1170	2048	1	76517.38	14079.24	29859.97
2	4	1	1170	1410	2048	1	75762.33	13939.13	36229.33
2	4	1	1410	450	2048	1	87723.06	19105.21	30506.94
2	4	1	1410	690	2048	1	82484.85	18044.17	29356.45
2	4	1	1410	930	2048	1	77143.62	16997.72	28338.89
2	4	1	1410	1170	2048	1	75036.11	16690.71	29346.47
2	4	1	1410	1410	2048	1	74801.31	16550.40	35858.81
2	4	1	450	450	2048	4	103883.15	17514.65	35675.75
2	4	1	450	690	2048	4	98518.26	16629.59	34467.69
2	4	1	450	930	2048	4	93418.88	15945.17	33522.58
2	4	1	450	1170	2048	4	92302.00	15774.31	35368.95
2	4	1	450	1410	2048	4	90540.09	15461.73	42505.90
2	4	1	690	450	2048	4	102608.86	17345.73	35265.41
2	4	1	690	930	2048	4	94089.72	16122.26	33783.52
2	4	1	930	450	2048	4	101994.59	17566.02	35083.18
2	4	1	930	690	2048	4	96160.24	16734.84	34073.60
2	4	1	930	930	2048	4	90392.61	15834.77	32677.86
2	4	1	930	1170	2048	4	88160.20	15481.91	33994.60
2	4	1	930	1410	2048	4	88176.39	15484.10	41633.89
2	4	1	1170	450	2048	4	100569.38	18343.34	34876.17
2	4	1	1170	930	2048	4	90621.74	16705.62	32833.05
2	4	1	1410	450	2048	4	100483.65	22260.59	34868.53
2	4	1	1410	930	2048	4	89384.64	19903.12	32405.92
2	4	1	450	450	2048	8	117145.98	19848.45	40166.88
2	4	1	450	690	2048	8	111183.52	18967.36	38948.16
2	4	1	450	930	2048	8	106900.36	18288.79	38378.98
2	4	1	450	1170	2048	8	105180.56	18039.24	40290.80
2	4	1	450	1410	2048	8	103452.05	17816.60	48583.73
2	4	1	690	450	2048	8	115033.56	19631.88	39761.51
2	4	1	690	690	2048	8	109416.81	18809.80	38441.85
2	4	1	690	930	2048	8	103970.24	18031.26	37681.11
2	4	1	690	1170	2048	8	102112.74	17722.65	39396.28
2	4	1	690	1410	2048	8	101760.96	17728.12	48071.88
2	4	1	930	450	2048	8	113639.99	19787.19	39385.95
2	4	1	930	690	2048	8	107984.35	18900.46	38150.25
2	4	1	930	930	2048	8	104193.09	18363.17	37715.60
2	4	1	930	1170	2048	8	101056.81	17823.36	39091.48
2	4	1	930	1410	2048	8	101807.22	18007.66	47824.16
2	4	1	1170	450	2048	8	113769.66	20886.98	39500.06
2	4	1	1170	690	2048	8	108254.97	20034.47	38124.52
2	4	1	1170	930	2048	8	102564.91	19146.61	37201.95
2	4	1	1170	1170	2048	8	101722.90	18998.58	39394.74
2	4	1	1170	1410	2048	8	100530.93	18782.04	47824.48
2	4	1	1410	450	2048	8	113283.33	25120.73	39235.55
2	4	1	1410	690	2048	8	107939.86	24105.97	38208.41
2	4	1	1410	930	2048	8	102862.42	23134.20	37418.92
2	4	1	1410	1170	2048	8	100828.56	22777.16	38953.23
2	4	1	1410	1410	2048	8	99704.63	22548.86	47175.79
2	4	1	450	450	2048	16	137813.31	23608.71	47448.58
2	4	1	450	690	2048	16	132632.59	22805.93	46396.84
2	4	1	450	930	2048	16	126116.61	21880.75	45394.02
2	4	1	450	1170	2048	16	125287.29	21705.98	48012.55
2	4	1	450	1410	2048	16	127566.67	22153.22	59981.78
2	4	1	690	450	2048	16	136371.58	23433.47	47029.89
2	4	1	690	690	2048	16	130935.73	22629.80	45895.51
2	4	1	690	930	2048	16	123393.56	21682.10	44559.31
2	4	1	690	1170	2048	16	121388.62	21362.25	46929.91
2	4	1	690	1410	2048	16	120404.61	21180.98	57034.52
2	4	1	930	450	2048	16	132957.64	23291.94	46120.07
2	4	1	930	690	2048	16	129209.41	22809.78	45356.19
2	4	1	930	930	2048	16	122618.43	21802.74	44513.85
2	4	1	930	1170	2048	16	120265.21	21430.96	46452.60
2	4	1	930	1410	2048	16	120687.28	21563.12	57131.36
2	4	1	1170	450	2048	16	133001.45	24769.45	46211.66
2	4	1	1170	690	2048	16	126388.23	23655.66	44767.39
2	4	1	1170	930	2048	16	121095.68	22798.77	44134.45
2	4	1	1170	1170	2048	16	120803.95	22785.05	46755.88
2	4	1	1170	1410	2048	16	119729.75	22545.78	56858.20
2	4	1	1410	450	2048	16	132834.03	29885.17	46197.16
2	4	1	1410	690	2048	16	126798.40	28673.38	44877.04
2	4	1	1410	930	2048	16	120717.94	27590.49	43920.43
2	4	1	1410	1170	2048	16	120073.71	27490.29	46609.02
2	4	1	1410	1410	2048	16	120302.98	27580.59	57175.48
2	4	1	450	450	2048	32	178136.42	30777.52	60617.04
2	4	1	450	690	2048	32	173366.51	30064.15	60078.45
2	4	1	450	930	2048	32	167047.43	29215.20	59470.13
2	4	1	450	1170	2048	32	168075.66	29464.69	63987.41
2	4	1	450	1410	2048	32	164236.43	28768.97	76518.77
2	4	1	690	450	2048	32	173529.96	30328.53	59611.34
2	4	1	690	930	2048	32	162406.69	28785.36	58393.70
2	4	1	930	450	2048	32	170495.10	30364.67	58776.95
2	4	1	930	690	2048	32	165211.29	29566.88	57883.20
2	4	1	930	930	2048	32	159754.31	28773.94	57647.87
2	4	1	930	1170	2048	32	158180.29	28616.14	60983.16
2	4	1	930	1410	2048	32	157984.09	28569.30	74687.77
2	4	1	1170	450	2048	32	170039.67	32037.69	58835.72
2	4	1	1170	930	2048	32	159138.25	30443.23	57685.35
2	4	1	1410	450	2048	32	169483.91	38683.91	58574.64
2	4	1	1410	930	2048	32	157776.73	36608.88	57149.79
2	4	1	450	450	2048	64	250222.63	43677.35	84466.69
2	4	1	450	690	2048	64	243646.76	42614.14	83981.28
2	4	1	450	930	2048	64	237467.34	41897.52	84234.11
2	4	1	450	1170	2048	64	236776.24	41877.10	89606.52
2	4	1	450	1410	2048	64	235747.71	41679.79	109401.62
2	4	1	690	450	2048	64	245602.09	43305.80	83713.24
2	4	1	690	690	2048	64	239384.36	42496.55	83124.28
2	4	1	690	930	2048	64	232958.15	41648.60	83064.36
2	4	1	690	1170	2048	64	236454.76	41916.92	88962.65
2	4	1	690	1410	2048	64	231958.75	41616.01	108678.43
2	4	1	930	450	2048	64	242499.54	43530.55	83168.71
2	4	1	930	690	2048	64	236312.18	42823.74	82476.19
2	4	1	930	930	2048	64	230288.87	41988.69	82974.23
2	4	1	930	1170	2048	64	228711.38	41794.77	87792.73
2	4	1	930	1410	2048	64	228468.04	41790.93	107839.69
2	4	1	1170	450	2048	64	239582.23	45753.75	82546.82
2	4	1	1170	690	2048	64	235809.93	45193.16	82495.13
2	4	1	1170	930	2048	64	227810.04	44106.42	82361.06
2	4	1	1170	1170	2048	64	227301.96	44073.92	87389.62
2	4	1	1170	1410	2048	64	226022.18	43802.84	107068.16
2	4	1	1410	450	2048	64	240373.43	55472.94	82865.14
2	4	1	1410	690	2048	64	233835.85	54464.07	81904.01
2	4	1	1410	930	2048	64	228004.14	53718.73	82226.04
2	4	1	1410	1170	2048	64	229310.51	54090.36	88239.12
2	4	1	1410	1410	2048	64	224969.24	53221.05	106622.12
2	4	1	930	930	2048	128	369952.40	68436.55	133137.84
2	4	1	930	1170	2048	128	399595.90	73720.85	153489.49
2	4	1	930	1410	2048	128	399843.54	73734.91	189090.33
2	4	1	1170	930	2048	128	395851.47	77057.31	142901.50
2	4	1	1410	930	2048	128	363241.64	85867.20	129649.23
2	4	1	450	450	4096	1	93974.32	15661.71	32218.66
2	4	1	450	690	4096	1	89520.51	14935.74	31191.43
2	4	1	450	930	4096	1	84165.29	14214.26	30248.24
2	4	1	450	1170	4096	1	82548.51	13880.51	31576.27
2	4	1	450	1410	4096	1	83432.75	13984.77	38860.29
2	4	1	690	450	4096	1	92681.34	15514.54	31822.91
2	4	1	690	690	4096	1	88410.04	14935.07	30970.13
2	4	1	690	930	4096	1	84167.76	14213.92	30113.63
2	4	1	690	1170	4096	1	82238.49	13986.52	31506.82
2	4	1	690	1410	4096	1	82091.27	13997.70	38436.19
2	4	1	930	450	4096	1	92231.88	15755.72	31741.02
2	4	1	930	690	4096	1	88193.38	15053.20	30929.53
2	4	1	930	930	4096	1	81982.47	14206.03	29466.73
2	4	1	930	1170	4096	1	81694.45	14091.93	31258.79
2	4	1	930	1410	4096	1	80947.35	13969.72	38191.79
2	4	1	1170	450	4096	1	92667.79	16634.08	31984.92
2	4	1	1170	690	4096	1	87607.63	15891.87	30664.88
2	4	1	1170	930	4096	1	82338.39	14995.51	29651.84
2	4	1	1170	1170	4096	1	79882.53	14491.92	30767.06
2	4	1	1170	1410	4096	1	80682.43	14742.81	37975.69
2	4	1	1410	450	4096	1	92264.31	20029.08	31826.92
2	4	1	1410	690	4096	1	86701.64	18836.09	30444.45
2	4	1	1410	930	4096	1	81701.36	18106.65	29423.26
2	4	1	1410	1170	4096	1	81357.66	17932.18	31304.46
2	4	1	1410	1410	4096	1	80325.74	17808.49	37911.45
2	4	1	450	450	4096	4	116546.02	19565.87	39720.16
2	4	1	450	690	4096	4	111196.06	18837.71	38500.89
2	4	1	450	930	4096	4	105099.88	17917.49	37431.34
2	4	1	450	1170	4096	4	103912.82	17698.13	39511.59
2	4	1	450	1410	4096	4	102001.68	17440.47	47448.27
2	4	1	690	450	4096	4	113072.41	19288.78	38873.97
2	4	1	690	690	4096	4	108119.21	18469.88	37605.48
2	4	1	690	930	4096	4	103119.60	17794.90	36943.43
2	4	1	690	1170	4096	4	101566.96	17547.09	38693.43
2	4	1	690	1410	4096	4	103029.27	17764.21	47906.83
2	4	1	930	450	4096	4	116566.63	20110.62	39777.27
2	4	1	930	690	4096	4	110364.80	19150.16	38463.74
2	4	1	930	930	4096	4	105930.72	18485.33	37804.59
2	4	1	930	1170	4096	4	103669.46	18102.97	39416.28
2	4	1	930	1410	4096	4	102827.54	18013.56	47816.38
2	4	1	1170	450	4096	4	115467.66	21010.38	39516.16
2	4	1	1170	690	4096	4	106908.04	19599.40	37392.27
2	4	1	1170	930	4096	4	102591.65	18967.17	36713.55
2	4	1	1170	1170	4096	4	99654.49	18491.61	38123.05
2	4	1	1170	1410	4096	4	100192.39	18551.28	46749.81
2	4	1	1410	450	4096	4	112416.82	24859.47	38562.43
2	4	1	1410	690	4096	4	107279.47	23857.34	37477.41
2	4	1	1410	930	4096	4	100708.21	22582.04	36205.23
2	4	1	1410	1170	4096	4	98892.04	22241.42	37927.56
2	4	1	1410	1410	4096	4	98593.77	22168.61	46276.95
2	4	1	450	450	4096	8	137037.81	23286.95	46654.01
2	4	1	450	690	4096	8	131504.43	22551.08	45702.41
2	4	1	450	930	4096	8	125312.23	21625.83	44679.80
2	4	1	450	1170	4096	8	123778.42	21389.81	47068.52
2	4	1	450	1410	4096	8	123746.80	21397.36	57567.71
2	4	1	690	450	4096	8	134227.27	23023.73	45962.61
2	4	1	690	690	4096	8	128304.87	22152.54	44803.30
2	4	1	690	930	4096	8	122546.71	21317.36	43887.73
2	4	1	690	1170	4096	8	121359.90	21128.98	46402.17
2	4	1	690	1410	4096	8	120939.34	21034.59	56335.38
2	4	1	930	450	4096	8	132499.18	23100.00	45505.30
2	4	1	930	690	4096	8	126109.85	22164.67	44024.29
2	4	1	930	930	4096	8	121195.39	21357.48	43350.61
2	4	1	930	1170	4096	8	119725.65	21237.99	45745.18
2	4	1	930	1410	4096	8	118628.37	20998.41	55384.02
2	4	1	1170	450	4096	8	131296.16	24127.09	45087.16
2	4	1	1170	690	4096	8	126059.07	23393.52	43980.05
2	4	1	1170	930	4096	8	120202.64	22447.70	43077.72
2	4	1	1170	1170	4096	8	118897.58	22241.25	45459.76
2	4	1	1170	1410	4096	8	118287.13	22149.42	55318.98
2	4	1	1410	450	4096	8	131299.04	29234.72	44966.51
2	4	1	1410	690	4096	8	125636.00	28074.05	43874.70
2	4	1	1410	930	4096	8	120392.45	27159.77	43241.48
2	4	1	1410	1170	4096	8	118887.20	26853.11	45290.34
2	4	1	1410	1410	4096	8	118461.86	26826.43	55370.35
2	4	1	450	450	4096	16	175739.11	30092.45	59433.38
2	4	1	450	690	4096	16	169931.32	29252.81	58541.65
2	4	1	450	930	4096	16	162295.87	28238.98	57728.23
2	4	1	450	1170	4096	16	161606.53	28152.84	61333.36
2	4	1	450	1410	4096	16	159401.82	27648.29	73268.41
2	4	1	690	450	4096	16	170257.14	29515.28	58211.71
2	4	1	690	690	4096	16	164354.10	28728.30	57138.14
2	4	1	690	930	4096	16	158120.66	27844.68	56710.00
2	4	1	690	1170	4096	16	156751.96	27701.64	59955.29
2	4	1	690	1410	4096	16	155443.98	27485.98	72727.77
2	4	1	930	450	4096	16	167725.32	29623.88	57760.16
2	4	1	930	690	4096	16	163242.82	29045.38	56986.19
2	4	1	930	930	4096	16	156068.18	28014.71	56177.58
2	4	1	930	1170	4096	16	155475.32	27977.90	59586.23
2	4	1	930	1410	4096	16	153896.38	27695.95	72433.88
2	4	1	1170	450	4096	16	166674.83	31183.96	57463.83
2	4	1	1170	690	4096	16	162043.35	30550.80	56821.17
2	4	1	1170	930	4096	16	155428.43	29514.20	55993.65
2	4	1	1170	1170	4096	16	160010.28	30241.45	61118.45
2	4	1	1170	1410	4096	16	152953.57	29157.76	72098.84
2	4	1	1410	450	4096	16	166520.05	37757.58	57617.66
2	4	1	1410	690	4096	16	161357.70	36813.09	56612.59
2	4	1	1410	930	4096	16	155457.44	35754.53	56099.52
2	4	1	1410	1170	4096	16	154162.24	35645.95	59245.00
2	4	1	1410	1410	4096	16	153613.86	35524.80	72408.59
2	4	1	690	690	4096	32	235053.89	41790.17	81725.33
2	4	1	690	930	4096	32	229884.86	41093.24	82139.45
2	4	1	690	1170	4096	32	227593.52	40752.55	86847.48
2	4	1	690	1410	4096	32	226084.06	40578.04	106069.45
2	4	1	930	690	4096	32	232778.46	42119.12	81394.99
2	4	1	930	930	4096	32	226846.64	41317.95	81618.79
2	4	1	930	1170	4096	32	224180.42	40873.13	86136.66
2	4	1	930	1410	4096	32	222944.57	40802.23	105237.01
2	4	1	1170	690	4096	32	230517.94	44204.77	81008.66
2	4	1	1170	930	4096	32	225403.20	43417.02	81260.18
2	4	1	1170	1170	4096	32	223360.44	43253.01	85963.73
2	4	1	1170	1410	4096	32	224110.83	43230.08	105595.26
2	4	1	1410	690	4096	32	231704.45	53817.95	81458.01
2	4	1	1410	930	4096	32	225495.03	52850.65	81325.91
2	4	1	1410	1170	4096	32	223351.21	52557.10	86142.02
2	4	1	1410	1410	4096	32	222346.96	52435.09	105231.73
2	4	2	450	450	128	1	88929.55	15007.56	31103.13
2	4	2	450	690	128	1	84828.85	14367.73	30164.20
2	4	2	450	930	128	1	78529.47	13365.18	28838.21
2	4	2	450	1170	128	1	77425.34	13181.48	30285.18
2	4	2	450	1410	128	1	76617.68	13069.89	36790.96
2	4	2	690	450	128	1	87198.74	14750.08	30592.18
2	4	2	690	690	128	1	82706.89	14161.19	29463.29
2	4	2	690	930	128	1	77212.57	13221.66	28348.68
2	4	2	690	1170	128	1	75932.24	13102.83	29850.16
2	4	2	690	1410	128	1	74999.88	12989.24	36171.78
2	4	2	930	450	128	1	86570.91	14924.31	30382.82
2	4	2	930	690	128	1	81640.77	14139.65	29220.60
2	4	2	930	930	128	1	76443.69	13281.71	28100.66
2	4	2	930	1170	128	1	75055.37	13163.75	29537.60
2	4	2	930	1410	128	1	74283.56	13048.12	35883.65
2	4	2	1170	450	128	1	86351.34	15746.98	30314.45
2	4	2	1170	690	128	1	81523.19	14922.68	29140.66
2	4	2	1170	930	128	1	75208.46	13884.41	27748.36
2	4	2	1170	1170	128	1	73459.36	13650.56	29028.18
2	4	2	1170	1410	128	1	73365.84	13514.12	35457.88
2	4	2	1410	450	128	1	84840.34	18649.72	29914.12
2	4	2	1410	690	128	1	80407.79	17730.50	28863.92
2	4	2	1410	930	128	1	75082.06	16711.45	27709.90
2	4	2	1410	1170	128	1	73375.63	16336.95	28905.02
2	4	2	1410	1410	128	1	72663.00	16246.98	35256.31
2	4	2	450	450	128	4	132038.12	22979.54	49011.93
2	4	2	450	690	128	4	121712.51	21357.85	46421.78
2	4	2	450	930	128	4	110150.81	19631.32	43622.39
2	4	2	450	1170	128	4	108533.85	19341.98	45863.12
2	4	2	450	1410	128	4	107689.66	19289.76	56140.62
2	4	2	690	450	128	4	129937.02	22733.84	48518.87
2	4	2	690	690	128	4	120347.00	21294.69	46078.71
2	4	2	690	930	128	4	108970.94	19562.11	43214.60
2	4	2	690	1170	128	4	106829.49	19263.51	45447.12
2	4	2	690	1410	128	4	106146.13	19070.24	55314.02
2	4	2	930	450	128	4	129752.11	22955.39	48423.69
2	4	2	930	690	128	4	118810.44	21323.88	45549.89
2	4	2	930	930	128	4	109369.26	19854.70	43264.83
2	4	2	930	1170	128	4	107132.81	19421.92	45456.42
2	4	2	930	1410	128	4	106235.79	19359.81	55456.84
2	4	2	1170	450	128	4	128672.97	24098.43	48129.76
2	4	2	1170	690	128	4	117816.48	22419.55	45230.37
2	4	2	1170	930	128	4	107444.25	20606.67	42826.27
2	4	2	1170	1170	128	4	106132.32	20439.93	45073.86
2	4	2	1170	1410	128	4	105620.28	20381.48	55388.41
2	4	2	1410	450	128	4	127644.16	28933.41	47800.02
2	4	2	1410	690	128	4	117146.94	26814.49	45246.62
2	4	2	1410	930	128	4	107311.77	24971.51	42779.84
2	4	2	1410	1170	128	4	104988.32	24528.14	44814.21
2	4	2	1410	1410	128	4	104203.93	24395.23	54830.29
2	4	2	450	450	128	8	134489.09	23501.83	50029.20
2	4	2	450	690	128	8	123923.30	21820.22	47266.48
2	4	2	450	930	128	8	113605.91	20285.46	44844.70
2	4	2	450	1170	128	8	111975.89	19909.62	47324.27
2	4	2	450	1410	128	8	110854.78	19907.02	57723.98
2	4	2	690	450	128	8	132244.76	23132.90	49414.46
2	4	2	690	690	128	8	121551.79	21569.02	46610.95
2	4	2	690	930	128	8	111653.17	20017.98	44265.83
2	4	2	690	1170	128	8	110333.22	19828.48	46871.99
2	4	2	690	1410	128	8	109069.66	19660.93	56953.93
2	4	2	930	450	128	8	131263.66	23311.96	49145.77
2	4	2	930	690	128	8	120927.28	21732.87	46431.92
2	4	2	930	930	128	8	110293.84	20091.16	43986.24
2	4	2	930	1170	128	8	108379.25	19864.23	46191.17
2	4	2	930	1410	128	8	107748.94	19833.45	56637.23
2	4	2	1170	450	128	8	130376.35	24502.41	48972.78
2	4	2	1170	690	128	8	120042.71	22823.16	46188.19
2	4	2	1170	930	128	8	110786.39	21303.53	44116.21
2	4	2	1170	1170	128	8	108844.06	20905.59	46331.29
2	4	2	1170	1410	128	8	107641.86	20896.10	56573.49
2	4	2	1410	450	128	8	129758.42	29383.41	48771.73
2	4	2	1410	690	128	8	119351.44	27475.62	45947.52
2	4	2	1410	930	128	8	109886.37	25637.39	43786.30
2	4	2	1410	1170	128	8	108069.66	25204.49	46048.95
2	4	2	1410	1410	128	8	107506.36	25220.98	56456.12
2	4	2	450	450	128	16	138339.68	24104.27	51414.50
2	4	2	450	690	128	16	128011.01	22628.21	48769.48
2	4	2	450	930	128	16	117487.09	20925.85	46238.07
2	4	2	450	1170	128	16	117321.91	21072.17	49531.20
2	4	2	450	1410	128	16	113067.46	20280.08	58982.66
2	4	2	690	450	128	16	136640.02	23974.51	50896.96
2	4	2	690	690	128	16	126505.26	22456.93	48312.66
2	4	2	690	930	128	16	113445.18	20426.55	45008.84
2	4	2	690	1170	128	16	111931.14	20202.56	47597.42
2	4	2	690	1410	128	16	110747.40	20041.46	58117.03
2	4	2	930	450	128	16	134324.20	24008.85	50457.76
2	4	2	930	690	128	16	124484.48	22442.70	47671.06
2	4	2	930	930	128	16	113690.49	20779.48	45214.54
2	4	2	930	1170	128	16	110669.37	20322.19	47241.77
2	4	2	930	1410	128	16	110412.20	20330.01	58157.05
2	4	2	1170	450	128	16	134299.87	25313.37	50314.81
2	4	2	1170	690	128	16	123684.58	23504.99	47590.91
2	4	2	1170	930	128	16	111260.10	21549.62	44516.30
2	4	2	1170	1170	128	16	108644.56	21208.77	46610.45
2	4	2	1170	1410	128	16	107553.98	20963.81	56982.91
2	4	2	1410	450	128	16	132400.55	30245.30	49869.01
2	4	2	1410	690	128	16	122394.31	28416.74	47197.92
2	4	2	1410	930	128	16	111314.98	26151.34	44591.10
2	4	2	1410	1170	128	16	108656.64	25640.62	46633.96
2	4	2	1410	1410	128	16	108095.61	25533.48	57169.70
2	4	2	450	450	128	32	146073.04	25652.96	54330.77
2	4	2	450	690	128	32	135638.87	24092.79	51646.49
2	4	2	450	930	128	32	122900.69	22070.77	48620.07
2	4	2	450	1170	128	32	121320.09	21941.84	51453.85
2	4	2	450	1410	128	32	127476.70	22886.17	65985.92
2	4	2	690	450	128	32	144884.95	25589.46	53993.84
2	4	2	690	690	128	32	133448.14	23879.91	51195.67
2	4	2	690	930	128	32	122107.06	22141.45	48433.50
2	4	2	690	1170	128	32	119917.41	21839.96	51039.41
2	4	2	690	1410	128	32	117877.55	21492.37	62237.49
2	4	2	930	450	128	32	143667.96	25752.62	53646.69
2	4	2	930	690	128	32	131939.16	24009.36	50606.48
2	4	2	930	930	128	32	123881.99	22688.56	48909.52
2	4	2	930	1170	128	32	119024.52	22016.00	50847.75
2	4	2	930	1410	128	32	118053.60	21769.65	62337.45
2	4	2	1170	450	128	32	141362.85	26829.13	53090.35
2	4	2	1170	690	128	32	130031.85	25068.39	50018.46
2	4	2	1170	930	128	32	118990.55	23181.25	47558.59
2	4	2	1170	1170	128	32	117761.18	22978.28	50366.70
2	4	2	1170	1410	128	32	115670.38	22751.03	61235.34
2	4	2	1410	450	128	32	140820.70	32295.17	53021.30
2	4	2	1410	690	128	32	130398.03	30470.07	50239.98
2	4	2	1410	930	128	32	118697.17	28138.79	47569.25
2	4	2	1410	1170	128	32	119134.84	28289.25	51024.98
2	4	2	1410	1410	128	32	114891.59	27432.21	60988.11
2	4	2	450	450	128	64	154360.44	27207.62	57101.95
2	4	2	450	690	128	64	148218.80	26349.56	55758.04
2	4	2	450	930	128	64	136332.01	24564.53	53063.15
2	4	2	450	1170	128	64	134589.35	24189.98	56294.53
2	4	2	450	1410	128	64	138483.88	24816.51	70659.71
2	4	2	690	450	128	64	153944.26	27412.56	57099.45
2	4	2	690	690	128	64	152671.60	27496.44	57976.64
2	4	2	690	930	128	64	133186.45	24252.32	52258.15
2	4	2	690	1170	128	64	132025.56	24171.47	55592.62
2	4	2	690	1410	128	64	130849.92	23847.41	68314.44
2	4	2	930	450	128	64	152339.52	27575.97	56719.09
2	4	2	930	690	128	64	145218.69	26598.94	55210.37
2	4	2	930	930	128	64	134384.19	24992.92	52886.94
2	4	2	930	1170	128	64	131987.23	24508.96	55856.63
2	4	2	930	1410	128	64	128462.30	23891.93	67267.71
2	4	2	1170	450	128	64	155693.43	29911.48	58119.50
2	4	2	1170	690	128	64	144169.13	27964.86	54804.67
2	4	2	1170	930	128	64	136715.61	26737.87	53561.79
2	4	2	1170	1170	128	64	127241.70	25181.80	54161.31
2	4	2	1170	1410	128	64	128798.00	25461.59	67761.25
2	4	2	1410	450	128	64	150318.66	34981.53	56293.73
2	4	2	1410	690	128	64	142360.51	33564.21	54465.81
2	4	2	1410	930	128	64	133311.60	31854.50	52892.13
2	4	2	1410	1170	128	64	127052.34	30530.22	54127.68
2	4	2	1410	1410	128	64	126993.95	30605.77	67115.15
2	4	2	450	450	128	128	302862.13	53745.29	112607.60
2	4	2	450	690	128	128	286148.98	51106.61	108618.16
2	4	2	450	930	128	128	266975.52	48263.80	104752.34
2	4	2	450	1170	128	128	266223.43	48102.51	111461.95
2	4	2	450	1410	128	128	256767.56	46755.24	134092.54
2	4	2	690	450	128	128	299382.88	53400.85	111419.35
2	4	2	690	690	128	128	281745.57	50848.94	107192.29
2	4	2	690	930	128	128	262511.39	47941.31	103280.59
2	4	2	690	1170	128	128	257727.34	47184.80	109131.94
2	4	2	690	1410	128	128	256429.26	46977.16	134075.87
2	4	2	930	450	128	128	296293.68	53794.59	110880.38
2	4	2	930	690	128	128	281601.25	51681.05	107429.68
2	4	2	930	930	128	128	254779.92	47329.38	101224.70
2	4	2	930	1170	128	128	254462.57	47512.15	108231.95
2	4	2	930	1410	128	128	247866.71	46233.27	130835.47
2	4	2	1170	450	128	128	296638.35	57099.27	111047.55
2	4	2	1170	690	128	128	281817.66	54636.20	107451.62
2	4	2	1170	930	128	128	254092.14	50175.22	101255.70
2	4	2	1170	1170	128	128	252143.80	49890.07	107770.66
2	4	2	1170	1410	128	128	251729.00	49990.88	133251.95
2	4	2	1410	450	128	128	293970.59	68665.14	110147.87
2	4	2	1410	690	128	128	277774.01	65590.95	106338.23
2	4	2	1410	930	128	128	255964.55	61373.92	101595.54
2	4	2	1410	1170	128	128	256163.84	61257.12	108247.87
2	4	2	1410	1410	128	128	249293.40	60082.20	131674.63
2	4	2	450	450	128	256	596110.30	105522.94	221105.41
2	4	2	450	690	128	256	568243.32	101258.35	214878.61
2	4	2	450	930	128	256	529164.37	95284.98	206452.36
2	4	2	450	1170	128	256	516699.07	93557.80	216843.70
2	4	2	450	1410	128	256	514746.98	93451.66	268627.10
2	4	2	690	450	128	256	594897.80	106350.43	221501.07
2	4	2	690	690	128	256	565613.25	101872.83	214541.82
2	4	2	690	930	128	256	516225.35	94651.53	203940.26
2	4	2	690	1170	128	256	499969.03	92253.22	213106.88
2	4	2	690	1410	128	256	504078.06	92752.23	264656.83
2	4	2	930	450	128	256	585631.79	106854.59	219384.55
2	4	2	930	690	128	256	551308.08	101619.86	211000.54
2	4	2	930	930	128	256	501597.71	93637.64	199858.81
2	4	2	930	1170	128	256	507309.74	94528.18	214359.96
2	4	2	930	1410	128	256	494437.57	92505.80	259737.19
2	4	2	1170	450	128	256	581997.54	112274.92	218172.28
2	4	2	1170	690	128	256	550160.50	107045.53	210113.45
2	4	2	1170	930	128	256	503733.12	99365.62	200475.48
2	4	2	1170	1170	128	256	490914.36	97300.75	210077.24
2	4	2	1170	1410	128	256	489263.27	97202.23	260132.90
2	4	2	1410	450	128	256	579864.00	135795.45	217364.62
2	4	2	1410	690	128	256	546971.55	129760.80	209406.13
2	4	2	1410	930	128	256	498230.69	119982.91	198478.14
2	4	2	1410	1170	128	256	496435.30	119634.88	211634.98
2	4	2	1410	1410	128	256	498281.50	119780.71	262598.04
2	4	2	450	450	512	1	90120.57	15104.26	31299.87
2	4	2	450	690	512	1	86444.11	14498.04	30574.44
2	4	2	450	930	512	1	80353.36	13612.53	29201.48
2	4	2	450	1170	512	1	78682.94	13371.98	30441.64
2	4	2	450	1410	512	1	78068.28	13202.77	37297.19
2	4	2	690	450	512	1	89214.21	15060.09	30904.62
2	4	2	690	690	512	1	85120.96	14371.63	30115.47
2	4	2	690	930	512	1	78978.36	13525.84	28858.86
2	4	2	690	1170	512	1	77568.55	13305.26	30206.43
2	4	2	690	1410	512	1	76543.02	13119.12	36720.16
2	4	2	930	450	512	1	88132.95	15127.80	30664.66
2	4	2	930	690	512	1	82816.55	14291.52	29495.71
2	4	2	930	930	512	1	77903.63	13571.67	28379.91
2	4	2	930	1170	512	1	76913.11	13405.76	29983.48
2	4	2	930	1410	512	1	77007.47	13474.78	36783.85
2	4	2	1170	450	512	1	87073.55	15760.28	30417.62
2	4	2	1170	690	512	1	82671.94	15148.46	29518.27
2	4	2	1170	930	512	1	77073.27	14315.51	28511.89
2	4	2	1170	1170	512	1	75621.46	13874.94	29597.87
2	4	2	1170	1410	512	1	75395.42	13884.02	36191.32
2	4	2	1410	450	512	1	86598.01	18909.80	30414.18
2	4	2	1410	690	512	1	82184.13	18116.01	29227.03
2	4	2	1410	930	512	1	76379.90	16980.30	28148.79
2	4	2	1410	1170	512	1	74987.69	16694.77	29452.42
2	4	2	1410	1410	512	1	74777.47	16689.70	36182.66
2	4	2	450	450	512	4	135961.38	23626.96	50308.74
2	4	2	450	690	512	4	124935.69	22014.71	47494.45
2	4	2	450	930	512	4	113529.26	20205.66	44700.20
2	4	2	450	1170	512	4	112400.70	20013.03	47153.96
2	4	2	450	1410	512	4	111744.42	19902.50	57929.11
2	4	2	690	450	512	4	133521.93	23426.67	49709.98
2	4	2	690	930	512	4	114748.86	20553.36	45055.88
2	4	2	930	450	512	4	132252.97	23550.62	49433.97
2	4	2	930	690	512	4	121346.61	21893.26	46409.26
2	4	2	930	930	512	4	111256.53	20222.12	44020.59
2	4	2	930	1170	512	4	110005.06	20136.05	46772.16
2	4	2	930	1410	512	4	108680.12	19900.40	56821.59
2	4	2	1170	450	512	4	130785.23	24645.82	49045.34
2	4	2	1170	930	512	4	110097.10	21260.80	43887.40
2	4	2	1410	450	512	4	130639.21	29662.84	48834.73
2	4	2	1410	930	512	4	111623.07	25995.47	44330.87
2	4	2	450	450	512	8	139462.49	24416.71	51665.53
2	4	2	450	690	512	8	128156.60	22665.45	48897.40
2	4	2	450	930	512	8	117005.09	20928.20	46134.55
2	4	2	450	1170	512	8	115241.04	20675.24	48644.37
2	4	2	450	1410	512	8	116210.64	20792.32	60052.77
2	4	2	690	450	512	8	139600.94	24547.30	52018.28
2	4	2	690	690	512	8	126416.59	22445.23	48203.92
2	4	2	690	930	512	8	117190.73	20999.44	46035.62
2	4	2	690	1170	512	8	113278.56	20446.59	47884.70
2	4	2	690	1410	512	8	112972.74	20395.22	58924.41
2	4	2	930	450	512	8	136296.00	24319.46	50776.86
2	4	2	930	690	512	8	126292.74	22724.68	48136.98
2	4	2	930	930	512	8	116187.20	21136.86	45867.27
2	4	2	930	1170	512	8	114789.16	20884.61	48346.91
2	4	2	930	1410	512	8	113369.08	20792.32	58901.84
2	4	2	1170	450	512	8	135427.31	25476.81	50463.86
2	4	2	1170	690	512	8	124697.70	23724.75	47652.87
2	4	2	1170	930	512	8	114668.74	22064.18	45526.02
2	4	2	1170	1170	512	8	112420.00	21819.16	47725.04
2	4	2	1170	1410	512	8	111572.00	21602.65	58337.92
2	4	2	1410	450	512	8	134577.19	30571.20	50324.48
2	4	2	1410	690	512	8	124412.06	28549.53	47577.02
2	4	2	1410	930	512	8	113888.51	26620.30	45259.07
2	4	2	1410	1170	512	8	112098.81	26267.13	47615.52
2	4	2	1410	1410	512	8	110890.90	26004.16	58074.47
2	4	2	450	450	512	16	146473.16	25627.45	54103.80
2	4	2	450	690	512	16	135846.76	24003.93	51402.78
2	4	2	450	930	512	16	124479.17	22374.89	48925.28
2	4	2	450	1170	512	16	122511.42	22031.66	51550.12
2	4	2	450	1410	512	16	121701.26	21879.30	62951.29
2	4	2	690	450	512	16	144597.99	25442.40	53616.45
2	4	2	690	690	512	16	134192.51	23927.91	51019.88
2	4	2	690	930	512	16	122828.64	22127.94	48414.77
2	4	2	690	1170	512	16	120452.08	21900.27	50979.21
2	4	2	690	1410	512	16	119919.55	21761.05	62377.16
2	4	2	930	450	512	16	142578.67	25526.42	53178.24
2	4	2	930	690	512	16	132019.65	23870.18	50578.27
2	4	2	930	930	512	16	121031.45	22227.19	47901.20
2	4	2	930	1170	512	16	119434.41	22032.78	50654.75
2	4	2	930	1410	512	16	118959.80	21986.48	62332.13
2	4	2	1170	450	512	16	142808.68	27033.99	53254.21
2	4	2	1170	690	512	16	132951.47	25411.54	50711.88
2	4	2	1170	930	512	16	122725.17	23795.26	48442.84
2	4	2	1170	1170	512	16	120765.75	23455.31	50937.45
2	4	2	1170	1410	512	16	117183.11	22848.03	61545.62
2	4	2	1410	450	512	16	141022.84	32298.46	52665.66
2	4	2	1410	690	512	16	131132.64	30339.92	50163.36
2	4	2	1410	930	512	16	121499.82	28518.52	48139.55
2	4	2	1410	1170	512	16	119855.18	28232.34	50847.34
2	4	2	1410	1410	512	16	121852.42	28679.25	63345.49
2	4	2	450	450	512	32	163720.37	28834.56	60218.57
2	4	2	450	690	512	32	152715.21	27111.59	57459.33
2	4	2	450	930	512	32	142047.78	25538.97	55222.79
2	4	2	450	1170	512	32	139547.10	25135.67	57962.07
2	4	2	450	1410	512	32	138780.11	25051.96	71356.66
2	4	2	690	450	512	32	161145.00	28522.80	59424.31
2	4	2	690	930	512	32	138545.71	25099.68	54051.23
2	4	2	930	450	512	32	159217.80	28644.19	58789.12
2	4	2	930	690	512	32	149277.45	27123.59	56405.76
2	4	2	930	930	512	32	136903.24	25124.77	53710.65
2	4	2	930	1170	512	32	135178.78	24954.38	57046.78
2	4	2	930	1410	512	32	133980.68	24845.16	69668.58
2	4	2	1170	450	512	32	158377.68	30009.06	58628.01
2	4	2	1170	930	512	32	135659.11	26517.25	53502.51
2	4	2	1410	450	512	32	159454.83	36760.05	58941.31
2	4	2	1410	930	512	32	137073.85	32311.26	53807.53
2	4	2	450	450	512	64	187876.47	33390.65	68513.05
2	4	2	450	690	512	64	176894.11	31565.76	66072.10
2	4	2	450	930	512	64	166459.80	30132.94	64166.16
2	4	2	450	1170	512	64	165565.46	29957.78	68201.05
2	4	2	450	1410	512	64	162372.25	29492.55	83024.85
2	4	2	690	450	512	64	181808.37	32550.08	67014.98
2	4	2	690	690	512	64	173392.54	31386.85	65187.27
2	4	2	690	930	512	64	162251.29	29674.87	63034.28
2	4	2	690	1170	512	64	168937.77	30645.16	69660.31
2	4	2	690	1410	512	64	158596.82	29117.27	81867.25
2	4	2	930	450	512	64	180530.51	32860.34	66687.62
2	4	2	930	690	512	64	171570.80	31581.39	64726.23
2	4	2	930	930	512	64	161863.19	30103.94	63146.09
2	4	2	930	1170	512	64	158652.70	29626.71	66478.97
2	4	2	930	1410	512	64	158781.99	29800.41	83118.35
2	4	2	1170	450	512	64	180052.51	34734.28	66562.01
2	4	2	1170	690	512	64	174273.69	33922.96	65908.54
2	4	2	1170	930	512	64	159630.18	31512.38	62682.83
2	4	2	1170	1170	512	64	157220.77	31203.05	66222.18
2	4	2	1170	1410	512	64	158192.81	31364.96	82151.27
2	4	2	1410	450	512	64	179706.18	42147.25	66676.12
2	4	2	1410	690	512	64	170800.77	40633.07	64857.07
2	4	2	1410	930	512	64	158479.90	38225.91	62310.27
2	4	2	1410	1170	512	64	156583.30	37895.28	66115.13
2	4	2	1410	1410	512	64	157691.26	38265.62	82577.30
2	4	2	450	450	512	128	356224.30	63334.26	130222.16
2	4	2	450	690	512	128	332132.73	59794.95	124882.74
2	4	2	450	930	512	128	307376.10	56197.03	119861.11
2	4	2	450	1170	512	128	302913.28	55583.70	126831.02
2	4	2	450	1410	512	128	301144.13	55235.02	156249.13
2	4	2	690	450	512	128	340902.34	61491.61	126376.36
2	4	2	690	930	512	128	301638.03	55706.23	118219.72
2	4	2	930	450	512	128	339658.85	62085.77	125635.40
2	4	2	930	690	512	128	328250.29	60386.52	123244.55
2	4	2	930	930	512	128	299050.79	55919.11	117436.06
2	4	2	930	1170	512	128	293205.11	55231.27	124041.30
2	4	2	930	1410	512	128	289872.55	54622.36	152110.60
2	4	2	1170	450	512	128	342158.55	66265.01	126921.61
2	4	2	1170	930	512	128	297029.54	58897.56	117035.64
2	4	2	1410	450	512	128	336917.20	79392.55	125119.55
2	4	2	1410	930	512	128	295827.79	71637.16	116645.03
2	4	2	450	450	512	256	668262.79	119021.87	244937.37
2	4	2	450	690	512	256	628613.31	113213.40	236228.50
2	4	2	450	930	512	256	586926.12	106999.45	227989.17
2	4	2	450	1170	512	256	575728.15	105358.62	240519.08
2	4	2	450	1410	512	256	579178.25	105929.74	298480.66
2	4	2	690	450	512	256	648947.89	117025.95	239892.08
2	4	2	690	690	512	256	623011.03	113467.49	235509.84
2	4	2	690	930	512	256	574317.78	106036.77	224837.18
2	4	2	690	1170	512	256	573130.43	105712.19	239379.67
2	4	2	690	1410	512	256	555836.52	103374.08	290472.02
2	4	2	930	450	512	256	643863.69	118628.82	239958.44
2	4	2	930	690	512	256	614888.73	114245.02	233345.83
2	4	2	930	930	512	256	569052.46	106814.39	223797.71
2	4	2	930	1170	512	256	555635.63	104846.87	234536.67
2	4	2	930	1410	512	256	555844.92	105069.62	290022.99
2	4	2	1170	450	512	256	641955.05	124711.23	238631.30
2	4	2	1170	690	512	256	628440.70	122692.88	237059.19
2	4	2	1170	930	512	256	559587.02	111572.70	220692.34
2	4	2	1170	1170	512	256	552740.41	110461.67	233392.91
2	4	2	1170	1410	512	256	544607.91	109074.60	284998.11
2	4	2	1410	450	512	256	650264.72	153139.23	240921.42
2	4	2	1410	690	512	256	606554.79	145245.76	230801.87
2	4	2	1410	930	512	256	558123.11	135682.88	220535.96
2	4	2	1410	1170	512	256	551083.12	134696.70	234028.11
2	4	2	1410	1410	512	256	551233.19	134673.98	290295.84
2	4	2	450	450	1024	1	89799.41	15051.27	31295.76
2	4	2	450	690	1024	1	85348.49	14323.43	30149.09
2	4	2	450	930	1024	1	80097.97	13527.27	29196.02
2	4	2	450	1170	1024	1	79330.57	13454.13	30678.80
2	4	2	450	1410	1024	1	78749.88	13353.53	37308.27
2	4	2	690	450	1024	1	89460.86	15039.84	31185.38
2	4	2	690	690	1024	1	84384.12	14347.35	29762.45
2	4	2	690	930	1024	1	79268.17	13569.69	28767.96
2	4	2	690	1170	1024	1	77999.81	13280.26	30353.39
2	4	2	690	1410	1024	1	76564.91	13165.58	36393.67
2	4	2	930	450	1024	1	87721.11	14987.65	30568.42
2	4	2	930	690	1024	1	83422.49	14405.45	29575.65
2	4	2	930	930	1024	1	77637.87	13486.30	28298.86
2	4	2	930	1170	1024	1	77700.05	13494.87	30141.48
2	4	2	930	1410	1024	1	75478.54	13150.10	36221.64
2	4	2	1170	450	1024	1	86684.25	15697.02	30188.71
2	4	2	1170	690	1024	1	82056.09	15000.23	29257.91
2	4	2	1170	930	1024	1	76646.85	14134.11	28043.23
2	4	2	1170	1170	1024	1	75822.48	13848.25	29653.70
2	4	2	1170	1410	1024	1	74659.14	13733.35	35896.74
2	4	2	1410	450	1024	1	86168.36	18786.77	30110.19
2	4	2	1410	690	1024	1	82030.29	18027.30	29144.77
2	4	2	1410	930	1024	1	77787.53	17166.09	28447.31
2	4	2	1410	1170	1024	1	75358.78	16705.29	29537.99
2	4	2	1410	1410	1024	1	74091.87	16577.81	35699.93
2	4	2	450	450	1024	4	136600.41	23750.27	50493.05
2	4	2	450	690	1024	4	126195.68	22076.01	47891.99
2	4	2	450	930	1024	4	115352.69	20510.51	45300.08
2	4	2	450	1170	1024	4	114152.53	20401.63	47891.53
2	4	2	450	1410	1024	4	116607.95	20560.23	59500.33
2	4	2	690	450	1024	4	138196.30	24014.93	50933.42
2	4	2	690	690	1024	4	124720.95	22076.32	47448.55
2	4	2	690	930	1024	4	113541.31	20390.43	44765.49
2	4	2	690	1170	1024	4	112185.20	20193.21	47374.90
2	4	2	690	1410	1024	4	110532.14	19895.99	57576.26
2	4	2	930	450	1024	4	137034.03	24275.40	50719.39
2	4	2	930	690	1024	4	122394.95	22049.24	46883.07
2	4	2	930	930	1024	4	112973.87	20568.92	44701.66
2	4	2	930	1170	1024	4	111213.66	20226.07	47161.41
2	4	2	930	1410	1024	4	112537.93	20588.41	58571.59
2	4	2	1170	450	1024	4	137217.74	25647.96	50716.09
2	4	2	1170	690	1024	4	123579.15	23527.78	47317.23
2	4	2	1170	930	1024	4	114161.67	21854.88	45130.56
2	4	2	1170	1170	1024	4	111493.31	21451.52	47217.73
2	4	2	1170	1410	1024	4	109573.39	21210.59	57373.83
2	4	2	1410	450	1024	4	131597.79	29940.78	49446.82
2	4	2	1410	690	1024	4	121312.32	28004.43	46632.49
2	4	2	1410	930	1024	4	111699.70	26000.59	44557.92
2	4	2	1410	1170	1024	4	108237.03	25378.53	46308.89
2	4	2	1410	1410	1024	4	109078.87	25521.41	57267.98
2	4	2	450	450	1024	8	143672.04	25077.76	53186.90
2	4	2	450	690	1024	8	132830.69	23390.32	50393.03
2	4	2	450	930	1024	8	123911.45	22077.59	48458.66
2	4	2	450	1170	1024	8	121374.58	21721.44	50809.27
2	4	2	450	1410	1024	8	120485.24	21472.47	61969.70
2	4	2	690	450	1024	8	142003.51	24908.34	52665.98
2	4	2	690	690	1024	8	131906.33	23384.09	50036.84
2	4	2	690	930	1024	8	124101.41	22189.10	48397.20
2	4	2	690	1170	1024	8	121381.67	21836.09	50810.84
2	4	2	690	1410	1024	8	117834.73	21255.23	61048.13
2	4	2	930	450	1024	8	141548.28	25233.05	52612.18
2	4	2	930	690	1024	8	130736.63	23535.38	49756.61
2	4	2	930	930	1024	8	119782.49	21893.96	47303.08
2	4	2	930	1170	1024	8	118097.75	21590.05	49853.02
2	4	2	930	1410	1024	8	118098.39	21614.88	61173.48
2	4	2	1170	450	1024	8	141839.63	26722.65	52626.95
2	4	2	1170	690	1024	8	129831.46	24713.68	49507.63
2	4	2	1170	930	1024	8	120508.97	23182.41	47474.38
2	4	2	1170	1170	1024	8	117635.52	22738.80	49650.60
2	4	2	1170	1410	1024	8	115752.69	22434.59	60376.55
2	4	2	1410	450	1024	8	138080.40	31497.62	51632.08
2	4	2	1410	690	1024	8	128248.90	29540.16	49163.54
2	4	2	1410	930	1024	8	117779.16	27507.60	46740.27
2	4	2	1410	1170	1024	8	116562.25	27310.10	49291.26
2	4	2	1410	1410	1024	8	118766.46	27837.48	61975.42
2	4	2	450	450	1024	16	158847.13	27838.73	58295.34
2	4	2	450	690	1024	16	147329.81	26027.70	55478.86
2	4	2	450	930	1024	16	135214.10	24292.16	52702.64
2	4	2	450	1170	1024	16	133662.99	23982.80	55755.52
2	4	2	450	1410	1024	16	134161.83	24096.00	68737.02
2	4	2	690	450	1024	16	155382.11	27405.19	57374.71
2	4	2	690	690	1024	16	145154.98	25896.20	54840.50
2	4	2	690	930	1024	16	133731.33	24178.95	52395.55
2	4	2	690	1170	1024	16	131195.10	23804.20	55021.55
2	4	2	690	1410	1024	16	131862.84	23949.49	68128.41
2	4	2	930	450	1024	16	153669.44	27514.38	56892.60
2	4	2	930	690	1024	16	143250.27	26019.49	54342.26
2	4	2	930	930	1024	16	131511.22	24140.72	52052.04
2	4	2	930	1170	1024	16	131154.50	24083.09	55107.91
2	4	2	930	1410	1024	16	132261.82	24315.53	68054.91
2	4	2	1170	450	1024	16	153800.93	29085.63	56930.10
2	4	2	1170	690	1024	16	143379.96	27291.45	54375.59
2	4	2	1170	930	1024	16	133111.66	25795.84	52182.80
2	4	2	1170	1170	1024	16	131323.39	25423.71	55165.08
2	4	2	1170	1410	1024	16	130875.24	25441.03	67718.07
2	4	2	1410	450	1024	16	153274.72	35073.48	56782.21
2	4	2	1410	690	1024	16	143048.85	33125.92	54317.35
2	4	2	1410	930	1024	16	133013.23	31167.80	52047.94
2	4	2	1410	1170	1024	16	129830.90	30589.68	54688.12
2	4	2	1410	1410	1024	16	129214.25	30554.42	67056.30
2	4	2	450	450	1024	32	179923.00	31802.90	66196.07
2	4	2	450	690	1024	32	168967.08	30204.20	63404.28
2	4	2	450	930	1024	32	158135.10	28592.41	61325.78
2	4	2	450	1170	1024	32	155527.94	28183.94	64745.94
2	4	2	450	1410	1024	32	155677.17	28253.00	79526.89
2	4	2	690	450	1024	32	178081.83	31699.77	65561.50
2	4	2	690	690	1024	32	167271.52	30090.22	63010.48
2	4	2	690	930	1024	32	156246.85	28467.59	60900.34
2	4	2	690	1170	1024	32	152787.14	27924.57	63851.99
2	4	2	690	1410	1024	32	152820.59	27958.47	78928.53
2	4	2	930	450	1024	32	177562.49	32147.21	65491.80
2	4	2	930	690	1024	32	165388.59	30315.73	62623.61
2	4	2	930	930	1024	32	153288.59	28393.81	60111.50
2	4	2	930	1170	1024	32	151074.86	28180.20	63584.88
2	4	2	930	1410	1024	32	149949.47	27980.82	78096.41
2	4	2	1170	450	1024	32	175582.35	33725.43	65175.55
2	4	2	1170	690	1024	32	164804.56	32036.47	62604.49
2	4	2	1170	930	1024	32	154274.34	30242.21	60634.00
2	4	2	1170	1170	1024	32	156076.69	30667.91	65391.34
2	4	2	1170	1410	1024	32	152642.30	29957.39	79090.55
2	4	2	1410	450	1024	32	175401.87	40802.89	65212.35
2	4	2	1410	690	1024	32	164705.26	38761.49	62572.54
2	4	2	1410	930	1024	32	152801.87	36458.87	60145.69
2	4	2	1410	1170	1024	32	149961.18	36029.56	63432.52
2	4	2	1410	1410	1024	32	148280.80	35709.01	77694.97
2	4	2	450	450	1024	64	220510.69	39487.23	80537.71
2	4	2	450	690	1024	64	210201.57	37959.30	78381.20
2	4	2	450	930	1024	64	199500.05	36429.44	76995.01
2	4	2	450	1170	1024	64	197137.18	36106.62	81567.62
2	4	2	450	1410	1024	64	195167.28	35847.88	99989.45
2	4	2	690	450	1024	64	216600.75	39079.12	79523.20
2	4	2	690	690	1024	64	207608.14	37775.09	77775.29
2	4	2	690	930	1024	64	195249.38	36072.06	75767.52
2	4	2	690	1170	1024	64	195627.41	36100.56	81089.88
2	4	2	690	1410	1024	64	192705.00	35674.12	99068.78
2	4	2	930	450	1024	64	214637.98	39350.05	79062.08
2	4	2	930	690	1024	64	207072.82	38274.83	77533.92
2	4	2	930	930	1024	64	197426.14	36736.34	76330.59
2	4	2	930	1170	1024	64	193390.19	36327.48	80449.56
2	4	2	930	1410	1024	64	194278.59	36289.71	99659.73
2	4	2	1170	450	1024	64	220361.07	42471.23	80293.55
2	4	2	1170	690	1024	64	204271.17	40048.60	76831.17
2	4	2	1170	930	1024	64	193130.56	38380.66	75378.14
2	4	2	1170	1170	1024	64	189308.70	37809.45	79508.69
2	4	2	1170	1410	1024	64	188799.21	37794.33	97962.20
2	4	2	1410	450	1024	64	213564.48	50143.00	78620.98
2	4	2	1410	690	1024	64	203406.65	48411.05	76591.98
2	4	2	1410	930	1024	64	191460.90	46190.77	74743.08
2	4	2	1410	1170	1024	64	190253.27	46040.27	79554.79
2	4	2	1410	1410	1024	64	189990.44	46045.38	98151.84
2	4	2	450	450	1024	128	386712.81	69415.91	140853.74
2	4	2	450	690	1024	128	373636.19	67582.83	138958.52
2	4	2	450	930	1024	128	351394.40	64259.89	135043.99
2	4	2	450	1170	1024	128	345104.63	63201.88	142206.67
2	4	2	450	1410	1024	128	351737.50	64169.21	178138.48
2	4	2	690	450	1024	128	386424.54	69798.17	141321.89
2	4	2	690	690	1024	128	363735.28	66685.47	136500.68
2	4	2	690	930	1024	128	340990.87	63250.59	132134.59
2	4	2	690	1170	1024	128	334934.62	62390.41	139484.60
2	4	2	690	1410	1024	128	336373.06	62708.84	174059.45
2	4	2	930	450	1024	128	378480.25	69726.96	139364.22
2	4	2	930	690	1024	128	360324.75	67124.14	135508.42
2	4	2	930	930	1024	128	337679.84	63796.02	132082.15
2	4	2	930	1170	1024	128	337512.46	63861.26	141157.51
2	4	2	930	1410	1024	128	341322.50	64268.38	175518.08
2	4	2	1170	450	1024	128	376555.52	73628.91	139007.62
2	4	2	1170	690	1024	128	359780.33	70951.26	135715.64
2	4	2	1170	930	1024	128	337024.66	67378.24	131823.70
2	4	2	1170	1170	1024	128	332223.36	66663.58	139413.43
2	4	2	1170	1410	1024	128	334985.58	67239.91	174052.78
2	4	2	1410	450	1024	128	374705.57	89104.25	138934.48
2	4	2	1410	690	1024	128	356108.50	85778.67	134542.09
2	4	2	1410	930	1024	128	334472.34	81748.10	131238.42
2	4	2	1410	1170	1024	128	338321.38	82285.66	140372.21
2	4	2	1410	1410	1024	128	326626.41	80147.95	169127.59
2	4	2	930	930	1024	256	617926.14	117295.16	241644.87
2	4	2	930	1170	1024	256	602546.25	114761.10	251845.66
2	4	2	930	1410	1024	256	595933.31	113787.76	308947.10
2	4	2	1170	930	1024	256	618107.13	123534.21	241145.95
2	4	2	1170	1170	1024	256	602269.15	121326.23	252137.32
2	4	2	1170	1410	1024	256	597082.74	120678.09	309372.98
2	4	2	1410	930	1024	256	608136.83	149305.22	238897.88
2	4	2	1410	1170	1024	256	604765.53	149055.52	252989.29
2	4	2	1410	1410	1024	256	612069.06	150283.62	315206.15
2	4	2	450	450	2048	1	92021.56	15346.82	31833.34
2	4	2	450	690	2048	1	87638.25	14737.96	30664.00
2	4	2	450	930	2048	1	82202.70	13909.42	29675.44
2	4	2	450	1170	2048	1	80648.96	13589.49	31096.65
2	4	2	450	1410	2048	1	80087.09	13506.30	37817.01
2	4	2	690	450	2048	1	91837.20	15502.58	31588.63
2	4	2	690	690	2048	1	86473.92	14633.58	30301.12
2	4	2	690	930	2048	1	81276.20	13729.39	29402.16
2	4	2	690	1170	2048	1	79631.75	13615.46	30578.34
2	4	2	690	1410	2048	1	79215.40	13503.17	37374.74
2	4	2	930	450	2048	1	89979.24	15255.30	31039.77
2	4	2	930	690	2048	1	85213.63	14662.40	30080.72
2	4	2	930	930	2048	1	78885.99	13717.62	28487.55
2	4	2	930	1170	2048	1	77848.06	13477.60	30384.87
2	4	2	930	1410	2048	1	77497.09	13417.03	36708.48
2	4	2	1170	450	2048	1	87893.58	15900.65	30672.77
2	4	2	1170	690	2048	1	83418.74	15153.64	29631.52
2	4	2	1170	930	2048	1	77857.44	14226.01	28301.70
2	4	2	1170	1170	2048	1	76299.70	13990.38	29651.99
2	4	2	1170	1410	2048	1	76370.69	14035.84	36518.98
2	4	2	1410	450	2048	1	87425.60	18992.18	30383.17
2	4	2	1410	690	2048	1	83667.28	18328.65	29671.24
2	4	2	1410	930	2048	1	78231.83	17269.40	28335.53
2	4	2	1410	1170	2048	1	76420.11	16922.02	29931.09
2	4	2	1410	1410	2048	1	75732.70	16775.54	35942.55
2	4	2	450	450	2048	4	142966.99	24831.80	52642.98
2	4	2	450	690	2048	4	132131.32	23146.70	49844.94
2	4	2	450	930	2048	4	122610.11	21657.20	47524.07
2	4	2	450	1170	2048	4	119390.29	21185.29	49648.57
2	4	2	450	1410	2048	4	119993.29	21306.20	61155.34
2	4	2	690	450	2048	4	140565.86	24534.79	52138.26
2	4	2	690	930	2048	4	118673.00	21254.05	46604.09
2	4	2	930	450	2048	4	140272.06	24902.80	51908.98
2	4	2	930	690	2048	4	129138.07	23209.84	48879.30
2	4	2	930	930	2048	4	118529.86	21514.89	46507.03
2	4	2	930	1170	2048	4	118491.85	21435.83	49622.62
2	4	2	930	1410	2048	4	117102.99	21358.55	60489.38
2	4	2	1170	450	2048	4	137970.88	25836.69	51178.32
2	4	2	1170	930	2048	4	118053.63	22686.87	46643.51
2	4	2	1410	450	2048	4	138698.69	31435.90	51401.33
2	4	2	1410	930	2048	4	118079.21	27327.32	46535.18
2	4	2	450	450	2048	8	154497.43	26977.74	56702.49
2	4	2	450	690	2048	8	143877.54	25313.06	53984.36
2	4	2	450	930	2048	8	132392.94	23673.94	51564.25
2	4	2	450	1170	2048	8	131511.86	23445.27	54607.66
2	4	2	450	1410	2048	8	132992.89	23743.99	67631.66
2	4	2	690	450	2048	8	154215.33	27089.17	56688.23
2	4	2	690	690	2048	8	142905.64	25381.12	53879.09
2	4	2	690	930	2048	8	132236.14	23790.91	51614.86
2	4	2	690	1170	2048	8	132268.17	23861.92	54952.59
2	4	2	690	1410	2048	8	131459.68	23664.77	67239.30
2	4	2	930	450	2048	8	152003.84	27120.83	56111.60
2	4	2	930	690	2048	8	142233.78	25685.88	53695.91
2	4	2	930	930	2048	8	132545.97	24101.31	51639.71
2	4	2	930	1170	2048	8	127914.56	23450.59	53560.67
2	4	2	930	1410	2048	8	127919.33	23456.16	65842.03
2	4	2	1170	450	2048	8	150498.75	28509.03	55739.06
2	4	2	1170	690	2048	8	140428.00	26748.48	53141.69
2	4	2	1170	930	2048	8	130858.32	25251.92	51197.07
2	4	2	1170	1170	2048	8	128621.20	24831.85	53761.84
2	4	2	1170	1410	2048	8	129355.03	24963.66	66410.96
2	4	2	1410	450	2048	8	153425.60	34733.36	56245.73
2	4	2	1410	690	2048	8	139369.89	32070.77	52824.19
2	4	2	1410	930	2048	8	128648.32	30054.32	50447.24
2	4	2	1410	1170	2048	8	126334.14	29608.90	52994.36
2	4	2	1410	1410	2048	8	126596.69	29707.42	65240.46
2	4	2	450	450	2048	16	174975.91	30724.89	63974.90
2	4	2	450	690	2048	16	164323.36	29206.73	61435.18
2	4	2	450	930	2048	16	152614.63	27455.55	59307.87
2	4	2	450	1170	2048	16	150693.23	27206.05	62455.14
2	4	2	450	1410	2048	16	148788.81	26910.85	76103.31
2	4	2	690	450	2048	16	172022.00	30514.81	63328.86
2	4	2	690	690	2048	16	161228.16	28883.96	60632.05
2	4	2	690	930	2048	16	151206.66	27391.87	58844.70
2	4	2	690	1170	2048	16	148068.97	26999.53	61676.75
2	4	2	690	1410	2048	16	148810.54	27039.67	76118.99
2	4	2	930	450	2048	16	171789.69	30911.15	63277.84
2	4	2	930	690	2048	16	161264.07	29243.65	60755.13
2	4	2	930	930	2048	16	149678.10	27613.73	58424.82
2	4	2	930	1170	2048	16	148649.96	27348.82	61935.45
2	4	2	930	1410	2048	16	147274.80	27269.02	75771.73
2	4	2	1170	450	2048	16	171039.73	32532.37	63089.65
2	4	2	1170	690	2048	16	159821.65	30782.62	60325.66
2	4	2	1170	930	2048	16	148416.98	29027.80	58137.55
2	4	2	1170	1170	2048	16	145495.71	28552.03	61133.49
2	4	2	1170	1410	2048	16	146402.49	28619.13	75489.86
2	4	2	1410	450	2048	16	170108.18	39210.02	62856.47
2	4	2	1410	690	2048	16	160003.59	37435.05	60506.34
2	4	2	1410	930	2048	16	148922.54	35262.20	58308.10
2	4	2	1410	1170	2048	16	148148.31	35154.12	61928.52
2	4	2	1410	1410	2048	16	147676.19	35064.22	76082.02
2	4	2	450	450	2048	32	214207.37	38154.44	78290.14
2	4	2	450	690	2048	32	203182.36	36513.17	75899.65
2	4	2	450	930	2048	32	193300.22	35176.10	74596.91
2	4	2	450	1170	2048	32	191346.14	34856.74	78785.89
2	4	2	450	1410	2048	32	190533.66	34724.69	96708.47
2	4	2	690	450	2048	32	212492.40	37935.59	77727.11
2	4	2	690	930	2048	32	190101.41	34838.13	73436.58
2	4	2	930	450	2048	32	210611.55	38229.15	77226.92
2	4	2	930	690	2048	32	200252.98	36771.58	75125.04
2	4	2	930	930	2048	32	188246.73	35057.86	73236.07
2	4	2	930	1170	2048	32	186090.71	34711.20	77546.65
2	4	2	930	1410	2048	32	184904.56	34615.56	95193.11
2	4	2	1170	450	2048	32	209539.75	40277.33	77114.28
2	4	2	1170	930	2048	32	186281.83	36753.72	73019.98
2	4	2	1410	450	2048	32	208538.71	48632.36	76670.27
2	4	2	1410	930	2048	32	185382.05	44576.88	72627.18
2	4	2	450	450	2048	64	288841.02	51974.75	104678.48
2	4	2	450	690	2048	64	277305.31	50337.89	102866.54
2	4	2	450	930	2048	64	264988.38	48745.18	101687.50
2	4	2	450	1170	2048	64	262982.40	48511.56	107990.41
2	4	2	450	1410	2048	64	262150.57	48387.30	133123.96
2	4	2	690	450	2048	64	285186.59	51768.34	104090.30
2	4	2	690	690	2048	64	271144.87	49851.53	101575.97
2	4	2	690	930	2048	64	260548.67	48607.32	101052.45
2	4	2	690	1170	2048	64	257861.78	48172.10	107219.01
2	4	2	690	1410	2048	64	259314.37	48465.45	132730.90
2	4	2	930	450	2048	64	280740.70	51906.87	103129.68
2	4	2	930	690	2048	64	273050.91	50918.18	102092.53
2	4	2	930	930	2048	64	258529.11	48759.34	100292.45
2	4	2	930	1170	2048	64	256861.87	48656.94	106403.27
2	4	2	930	1410	2048	64	258065.27	48887.05	132076.72
2	4	2	1170	450	2048	64	279770.82	54624.23	102775.05
2	4	2	1170	690	2048	64	269662.13	53190.41	101032.12
2	4	2	1170	930	2048	64	265594.88	52635.56	102197.38
2	4	2	1170	1170	2048	64	259739.77	51852.82	107426.26
2	4	2	1170	1410	2048	64	254745.04	51121.89	130385.86
2	4	2	1410	450	2048	64	279730.47	66259.38	102685.27
2	4	2	1410	690	2048	64	271691.88	65218.66	101542.17
2	4	2	1410	930	2048	64	258987.32	63028.90	100554.62
2	4	2	1410	1170	2048	64	254446.34	62172.00	105822.44
2	4	2	1410	1410	2048	64	254146.03	62298.63	130521.89
2	4	2	930	930	2048	128	412916.53	78953.19	159763.62
2	4	2	930	1170	2048	128	412068.36	78744.55	169884.23
2	4	2	930	1410	2048	128	405284.30	77702.52	207201.02
2	4	2	1170	930	2048	128	409490.62	82679.31	159265.31
2	4	2	1170	1410	2048	128	407878.97	82440.91	207858.23
2	4	2	1410	930	2048	128	410759.03	100765.82	159148.69
2	4	2	1410	1170	2048	128	404963.44	99967.13	167380.39
2	4	2	1410	1410	2048	128	403854.03	99920.84	206375.20
2	4	2	450	450	4096	1	94268.39	15644.88	32338.61
2	4	2	450	690	4096	1	90606.48	15155.74	31422.08
2	4	2	450	930	4096	1	84514.16	14137.55	30149.97
2	4	2	450	1170	4096	1	82887.26	13896.78	31612.62
2	4	2	450	1410	4096	1	82772.18	13894.54	38559.56
2	4	2	690	450	4096	1	93360.25	15598.34	31963.38
2	4	2	690	690	4096	1	90925.29	15249.67	31398.45
2	4	2	690	930	4096	1	84010.16	14235.36	30045.42
2	4	2	690	1170	4096	1	82618.63	14005.24	31490.45
2	4	2	690	1410	4096	1	83106.68	14075.44	38774.97
2	4	2	930	450	4096	1	92934.38	15733.20	31740.80
2	4	2	930	690	4096	1	91950.52	15618.69	31671.05
2	4	2	930	930	4096	1	82896.33	14228.41	29599.01
2	4	2	930	1170	4096	1	81556.24	14049.44	31179.11
2	4	2	930	1410	4096	1	80858.36	13944.46	38097.65
2	4	2	1170	450	4096	1	92697.20	16604.10	31725.39
2	4	2	1170	690	4096	1	88683.16	16006.70	30868.10
2	4	2	1170	930	4096	1	82788.08	15017.63	29684.30
2	4	2	1170	1170	4096	1	81203.60	14797.39	31113.57
2	4	2	1170	1410	4096	1	81012.36	14806.95	37972.59
2	4	2	1410	450	4096	1	91794.51	19896.59	31546.56
2	4	2	1410	690	4096	1	86998.79	18968.56	30346.29
2	4	2	1410	930	4096	1	81399.89	17817.52	29292.49
2	4	2	1410	1170	4096	1	79979.67	17598.88	30746.31
2	4	2	1410	1410	4096	1	79593.03	17528.31	37404.16
2	4	2	450	450	4096	4	152061.31	26389.66	55337.82
2	4	2	450	690	4096	4	143309.60	25030.09	53310.90
2	4	2	450	930	4096	4	133234.22	23585.74	51225.05
2	4	2	450	1170	4096	4	132248.00	23412.16	54083.13
2	4	2	450	1410	4096	4	131821.00	23343.90	66390.62
2	4	2	690	450	4096	4	152909.54	26597.03	55686.34
2	4	2	690	690	4096	4	139741.79	24553.57	51934.38
2	4	2	690	930	4096	4	131239.73	23395.17	50682.02
2	4	2	690	1170	4096	4	129993.45	23178.34	53377.95
2	4	2	690	1410	4096	4	131920.36	23395.42	66476.77
2	4	2	930	450	4096	4	149662.22	26583.48	54793.85
2	4	2	930	690	4096	4	138735.57	24843.12	52145.48
2	4	2	930	930	4096	4	128568.66	23267.03	49941.59
2	4	2	930	1170	4096	4	128137.19	23290.97	52996.16
2	4	2	930	1410	4096	4	126397.16	22998.58	64604.09
2	4	2	1170	450	4096	4	148464.06	27974.36	54760.39
2	4	2	1170	690	4096	4	139538.03	26426.76	52577.11
2	4	2	1170	930	4096	4	129524.02	24892.26	50271.58
2	4	2	1170	1170	4096	4	127562.45	24514.36	52857.17
2	4	2	1170	1410	4096	4	130217.42	24865.80	66026.05
2	4	2	1410	450	4096	4	149466.86	33941.90	55029.75
2	4	2	1410	690	4096	4	139225.73	31924.07	52306.76
2	4	2	1410	930	4096	4	130371.95	30179.03	50486.63
2	4	2	1410	1170	4096	4	127793.67	29729.73	53015.54
2	4	2	1410	1410	4096	4	125250.76	29273.29	64194.34
2	4	2	450	450	4096	8	172635.01	30337.52	62987.56
2	4	2	450	690	4096	8	162460.23	28787.05	60563.06
2	4	2	450	930	4096	8	151876.18	27141.79	58364.76
2	4	2	450	1170	4096	8	150474.75	27029.97	61800.88
2	4	2	450	1410	4096	8	149283.92	26574.33	74815.09
2	4	2	690	450	4096	8	173525.72	30599.82	63443.95
2	4	2	690	690	4096	8	160715.80	28680.36	59979.23
2	4	2	690	930	4096	8	148302.01	26818.52	57445.12
2	4	2	690	1170	4096	8	147368.11	26653.99	60944.24
2	4	2	690	1410	4096	8	147372.26	26605.53	74768.01
2	4	2	930	450	4096	8	170607.76	30582.62	62415.16
2	4	2	930	690	4096	8	162098.44	29054.56	60154.63
2	4	2	930	930	4096	8	147949.29	26995.98	57139.02
2	4	2	930	1170	4096	8	146709.23	26864.51	60608.57
2	4	2	930	1410	4096	8	145548.43	26626.19	74106.56
2	4	2	1170	450	4096	8	169217.15	31962.78	61809.09
2	4	2	1170	690	4096	8	157873.90	30078.02	59217.79
2	4	2	1170	930	4096	8	149483.34	28794.57	57585.08
2	4	2	1170	1170	4096	8	147922.32	28579.93	61057.73
2	4	2	1170	1410	4096	8	146619.33	28394.16	74494.69
2	4	2	1410	450	4096	8	167867.41	38420.88	61503.13
2	4	2	1410	690	4096	8	157967.69	36594.59	59234.34
2	4	2	1410	930	4096	8	148793.52	34858.98	57431.86
2	4	2	1410	1170	4096	8	146985.48	34432.30	60767.38
2	4	2	1410	1410	4096	8	144065.97	33993.30	73498.40
2	4	2	450	450	4096	16	210673.07	37241.82	76597.09
2	4	2	450	690	4096	16	200871.12	35887.09	74574.73
2	4	2	450	930	4096	16	189655.64	34278.01	72715.74
2	4	2	450	1170	4096	16	186889.14	33967.16	76873.45
2	4	2	450	1410	4096	16	186682.03	33829.80	94464.71
2	4	2	690	450	4096	16	208456.48	37140.34	76098.70
2	4	2	690	690	4096	16	198042.23	35723.84	74095.66
2	4	2	690	930	4096	16	185668.07	33888.01	71665.30
2	4	2	690	1170	4096	16	185005.78	33817.24	76506.28
2	4	2	690	1410	4096	16	184008.25	33713.28	93813.29
2	4	2	930	450	4096	16	206011.43	37250.61	75326.36
2	4	2	930	690	4096	16	195257.97	35671.41	73040.55
2	4	2	930	930	4096	16	185427.49	34215.75	71630.77
2	4	2	930	1170	4096	16	183659.84	34009.52	75974.52
2	4	2	930	1410	4096	16	184408.57	34137.21	93416.46
2	4	2	1170	450	4096	16	206124.56	39371.22	75434.31
2	4	2	1170	690	4096	16	195824.70	37825.41	73131.35
2	4	2	1170	930	4096	16	185707.48	36187.02	72018.31
2	4	2	1170	1170	4096	16	182760.46	35866.34	75854.03
2	4	2	1170	1410	4096	16	183341.84	35998.02	93076.95
2	4	2	1410	450	4096	16	207177.64	47840.41	75801.45
2	4	2	1410	690	4096	16	197268.76	46052.02	73779.41
2	4	2	1410	930	4096	16	184496.13	43930.66	71587.49
2	4	2	1410	1170	4096	16	183107.43	43555.05	75996.34
2	4	2	1410	1410	4096	16	182808.49	43561.56	93176.63
2	4	2	690	690	4096	32	270259.00	49458.84	100907.88
2	4	2	690	930	4096	32	257295.72	47604.19	99432.47
2	4	2	690	1170	4096	32	258665.65	47878.05	106479.02
2	4	2	690	1410	4096	32	257977.60	47619.62	130155.27
2	4	2	930	690	4096	32	268553.61	49744.04	100538.05
2	4	2	930	930	4096	32	255745.64	47964.64	99327.31
2	4	2	930	1170	4096	32	253730.80	47687.05	105369.41
2	4	2	930	1410	4096	32	253140.36	47567.29	128964.70
2	4	2	1170	690	4096	32	268005.18	52343.88	100229.71
2	4	2	1170	930	4096	32	255494.59	50533.72	98901.90
2	4	2	1170	1170	4096	32	253817.73	50401.37	105059.32
2	4	2	1170	1410	4096	32	252415.09	50313.17	129112.10
2	4	2	1410	690	4096	32	266651.95	63374.84	99960.41
2	4	2	1410	930	4096	32	254704.25	61509.86	99176.44
2	4	2	1410	1170	4096	32	252411.48	61268.40	104964.05
2	4	2	1410	1410	4096	32	251304.53	61021.05	128764.09
